id|symbol|side|units|entry|exit|sl|tp|openedAt|closedAt|pnl|costSpread|costComm|bf|reason|spread|vol|hour
159|BTC_USD~btc-echo|SELL|1000|0.630520|0.625720|0.638520|0.625720|2026-08-01T08:37:07|2026-08-01T18:17:15|4.8000|0.0000|0.0000|0|TP|1.000000|6.86700000|8
182|BTC_USD~btc-matrend|SELL|1000|0.629760|0.637760|0.637760|0.619760|2026-08-01T15:50:15|2026-08-03T14:31:32|-8.0000|0.0000|0.0000|0|SL|1.000000|9.24800000|15
191|BTC_USD~btc-echo|BUY|1000|0.625480|0.630280|0.617480|0.630280|2026-08-01T18:18:04|2026-08-02T02:06:46|4.8000|0.0000|0.0000|0|TP|1.000000|27.91300000|18
193|BTC_USD~btc-meanrev|BUY|1000|0.622650|0.625050|0.614650|0.625050|2026-08-01T18:31:13|2026-08-01T18:58:30|2.4000|0.0000|0.0000|0|TP|1.000000|41.11500000|18
212|BTC_USD~btc-echo|SELL|1000|0.631880|0.627080|0.639880|0.627080|2026-08-02T02:07:04|2026-08-03T04:59:34|4.8000|0.0000|0.0000|0|TP|1.000000|34.80500000|2
214|BTC_USD~btc-momentum|BUY|1000|0.633030|0.625030|0.625030|0.641030|2026-08-02T02:07:20|2026-08-03T07:15:07|-8.0000|0.0000|0.0000|0|SL|1.000000|42.20500000|2
215|BTC_USD~btc-meanrev|SELL|1000|0.633130|0.630730|0.641130|0.630730|2026-08-02T02:07:29|2026-08-02T09:04:49|2.4000|0.0000|0.0000|0|TP|1.000000|42.20500000|2
237|BTC_USD~btc-vprofile|BUY|1000|0.631640|0.625640|0.625640|0.641640|2026-08-02T08:40:02|2026-08-03T06:42:45|-6.0000|0.0000|0.0000|0|SL|1.000000|15.71800000|8
288|GBP_JPY~gj-meanrev|BUY|1000|2.122120|2.123320|2.118120|2.123320|2026-08-02T22:00:55|2026-08-02T22:19:34|1.2000|0.0000|0.0000|0|TP|6.000000|30.60000000|22
293|EUR_USD~momentum|SELL|1000|1.154990|1.152990|1.156990|1.152990|2026-08-02T22:20:10|2026-08-03T02:15:27|2.0000|0.0000|0.0000|0|TP|0.800000|8.75000000|22
294|WTICO_USD~oil-impulse|BUY|1000|0.792440|0.798440|0.780440|0.798440|2026-08-02T22:21:06|2026-08-02T22:49:25|6.0000|0.0000|0.0000|0|TP|2.000000|137.30000000|22
299|GBP_JPY~gj-meanrev|BUY|1000|2.121510|2.122710|2.117510|2.122710|2026-08-02T22:47:13|2026-08-02T22:59:18|1.2000|0.0000|0.0000|0|TP|2.700000|48.70000000|22
300|WTICO_USD~oil-impulse|BUY|1000|0.797820|0.785820|0.785820|0.803820|2026-08-02T22:51:03|2026-08-03T02:55:29|-12.0000|0.0000|0.0000|0|SL|2.000000|58.00000000|22
305|GBP_JPY~gj-meanrev|SELL|1000|2.128470|2.127270|2.132470|2.127270|2026-08-02T23:20:04|2026-08-02T23:29:05|1.2000|0.0000|0.0000|0|TP|2.100000|78.10000000|23
309|GBP_JPY~gj-meanrev|SELL|1000|2.128740|2.127540|2.132740|2.127540|2026-08-02T23:35:04|2026-08-02T23:54:38|1.2000|0.0000|0.0000|0|TP|2.100000|81.80000000|23
310|GBP_JPY~gj-meanrev|BUY|1000|2.126600|2.127800|2.122600|2.127800|2026-08-02T23:55:20|2026-08-03T00:13:11|1.2000|0.0000|0.0000|0|TP|2.100000|31.60000000|23
316|GBP_JPY~gj-vprofile|SELL|1000|2.128170|2.125170|2.133170|2.125170|2026-08-03T00:14:02|2026-08-03T00:27:47|3.0000|0.0000|0.0000|0|TP|2.100000|38.00000000|0
319|GBP_JPY~gj-meanrev|BUY|1000|2.110510|2.106510|2.106510|2.111710|2026-08-03T00:33:33|2026-08-03T00:35:43|-4.0000|0.0000|0.0000|0|SL|2.100000|184.60000000|0
321|EUR_USD~impulse|BUY|1000|1.155110|1.153110|1.153110|1.156110|2026-08-03T00:36:07|2026-08-03T01:33:25|-2.0000|0.0000|0.0000|0|SL|0.800000|15.80000000|0
322|GBP_JPY~gj-meanrev|BUY|1000|2.100630|2.096630|2.096630|2.101830|2026-08-03T00:50:34|2026-08-03T00:53:16|-4.0000|0.0000|0.0000|0|SL|2.100000|325.05000000|0
324|GBP_JPY~gj-meanrev|SELL|1000|2.104710|2.108710|2.108710|2.103510|2026-08-03T01:03:07|2026-08-03T01:06:07|-4.0000|0.0000|0.0000|0|SL|2.100000|156.70000000|1
327|EUR_USD~meanrev|BUY|1000|1.153200|1.151200|1.151200|1.154200|2026-08-03T01:30:05|2026-08-03T14:43:01|-2.0000|0.0000|0.0000|0|SL|0.800000|23.50000000|1
328|EUR_USD~meanrev-be|BUY|1000|1.153200|1.153200|1.151200|1.154200|2026-08-03T01:30:05|2026-08-03T06:15:05|0.0000|0.0000|0.0000|0|BE|0.800000|23.50000000|1
329|EUR_USD~echo|BUY|1000|1.153210|1.151210|1.151210|1.154410|2026-08-03T01:30:05|2026-08-03T14:43:01|-2.0000|0.0000|0.0000|0|SL|0.800000|21.80000000|1
335|WTICO_USD~oil-impulse|SELL|1000|0.786590|0.780590|0.798590|0.780590|2026-08-03T03:02:04|2026-08-03T06:41:40|6.0000|0.0000|0.0000|0|TP|2.000000|65.20000000|3
345|BTC_USD~btc-echo|BUY|1000|0.627580|0.632380|0.619580|0.632380|2026-08-03T05:28:18|2026-08-03T13:58:51|4.8000|0.0000|0.0000|0|TP|1.000000|23.01400000|5
349|WTICO_USD~oil-impulse|SELL|1000|0.779160|0.791160|0.791160|0.773160|2026-08-03T06:53:07|2026-08-03T07:19:22|-12.0000|0.0000|0.0000|0|SL|2.000000|48.50000000|6
351|EUR_USD~momentum|SELL|1000|1.152190|1.150190|1.154190|1.150190|2026-08-03T07:18:01|2026-08-03T15:32:01|2.0000|0.0000|0.0000|0|TP|0.800000|9.00000000|7
353|WTICO_USD~oil-impulse|BUY|1000|0.786870|0.792870|0.774870|0.792870|2026-08-03T07:30:05|2026-08-03T08:47:02|6.0000|0.0000|0.0000|0|TP|2.000000|109.50000000|7
355|WTICO_USD~oil-impulse|SELL|1000|0.786850|0.780850|0.798850|0.780850|2026-08-03T09:14:15|2026-08-03T11:58:40|6.0000|0.0000|0.0000|0|TP|2.000000|80.70000000|9
356|WTICO_USD~oil-impulse|SELL|1000|0.779070|0.791070|0.791070|0.773070|2026-08-03T12:15:04|2026-08-03T18:36:22|-12.0000|0.0000|0.0000|0|SL|2.000000|62.00000000|12
357|BTC_USD~btc-vprofile|SELL|1000|0.630110|0.636110|0.636110|0.620110|2026-08-03T13:52:03|2026-08-03T14:28:39|-6.0000|0.0000|0.0000|0|SL|1.000000|47.44900000|13
358|BTC_USD~btc-meanrev|SELL|1000|0.631080|0.639080|0.639080|0.628680|2026-08-03T13:52:13|2026-08-03T15:00:03|-8.0000|0.0000|0.0000|0|SL|1.000000|61.89400000|13
359|BTC_USD~btc-momentum|BUY|1000|0.631580|0.639580|0.623580|0.639580|2026-08-03T13:52:21|2026-08-03T19:31:08|8.0000|0.0000|0.0000|0|TP|1.000000|38.01900000|13
360|BTC_USD~btc-impulse|BUY|1000|0.632540|0.636540|0.624540|0.636540|2026-08-03T14:00:12|2026-08-03T14:28:42|4.0000|0.0000|0.0000|0|TP|1.000000|75.27400000|14
361|BTC_USD~btc-echo|BUY|1000|0.630850|0.635650|0.622850|0.635650|2026-08-03T14:02:05|2026-08-03T14:28:31|4.8000|0.0000|0.0000|0|TP|1.000000|75.27400000|14
362|BTC_USD~btc-vprofile|BUY|1000|0.635640|0.645640|0.629640|0.645640|2026-08-03T14:36:21|2026-08-06T14:51:24|10.0000|0.0000|0.0000|0|TP|1.000000|61.99300000|14
363|BTC_USD~btc-impulse|BUY|1000|0.637460|0.641460|0.629460|0.641460|2026-08-03T14:41:24|2026-08-04T04:47:56|4.0000|0.0000|0.0000|0|TP|1.000000|66.04500000|14
364|EUR_USD~echo|BUY|1000|1.151280|1.152480|1.149280|1.152480|2026-08-03T14:56:11|2026-08-04T13:48:58|1.2000|0.0000|0.0000|0|TP|0.800000|16.10000000|14
365|AUD_JPY~aj-momentum|SELL|1000|1.096780|1.102780|1.102780|1.090780|2026-08-03T16:17:18|2026-08-03T23:46:03|-6.0000|0.0000|0.0000|0|SL|1.100000|16.50000000|16
366|GBP_NZD~gn-echo|SELL|1000|2.289510|2.282310|2.301510|2.282310|2026-08-03T17:03:09|2026-08-04T17:39:17|7.2000|0.0000|0.0000|0|TP|2.400000|11.50000000|17
367|EUR_USD~spreadw|BUY|1000|1.150390|1.151390|1.147990|1.151390|2026-08-03T17:07:51|2026-08-03T18:52:51|1.0000|0.0000|0.0000|0|TP|0.800000|8.60000000|17
368|JP225_JPY~jp-vprofile|SELL|1000|0.631830|0.646830|0.646830|0.616830|2026-08-03T17:41:14|2026-08-04T13:42:13|-15.0000|0.0000|0.0000|0|SL|0.350000|17.50000000|17
369|WTICO_USD~oil-impulse|BUY|1000|0.791030|0.797030|0.779030|0.797030|2026-08-03T18:47:04|2026-08-04T01:00:02|6.0000|0.0000|0.0000|0|TP|2.000000|68.80000000|18
370|XAU_USD~gold-h20|BUY|1000|0.405760|0.405300|0.401760|0.409760|2026-08-03T20:34:00|2026-08-03T22:00:30|-0.4606|0.0240|0.0000|0|TIME|0.240000|6.66000000|20
371|BTC_USD~btc-matrend|BUY|1000|0.635530|0.645530|0.627530|0.645530|2026-08-03T22:54:06|2026-08-06T14:51:24|10.0000|0.0000|0.0000|0|TP|1.000000|20.60300000|22
372|GBP_JPY~gj-meanrev|BUY|1000|2.111910|2.113110|2.107910|2.113110|2026-08-04T00:25:02|2026-08-04T00:30:37|1.2000|0.0000|0.0000|0|TP|2.100000|48.40000000|0
373|GBP_JPY~gj-vprofile|SELL|1000|2.113800|2.118800|2.118800|2.110800|2026-08-04T00:33:41|2026-08-04T07:14:59|-5.0000|0.0000|0.0000|0|SL|2.200000|44.35000000|0
374|EUR_USD~impulse|SELL|1000|1.150410|1.152410|1.152410|1.149410|2026-08-04T01:04:53|2026-08-04T13:39:51|-2.0000|0.0000|0.0000|0|SL|0.800000|12.50000000|1
375|BTC_USD~btc-echo|SELL|1000|0.638170|0.646170|0.646170|0.633370|2026-08-04T01:52:10|2026-08-06T14:51:24|-8.0000|0.0000|0.0000|0|SL|1.000000|53.48800000|1
376|GBP_JPY~gj-meanrev|SELL|1000|2.116530|2.115330|2.120530|2.115330|2026-08-04T02:00:43|2026-08-04T03:35:14|1.2000|0.0000|0.0000|0|TP|2.200000|26.60000000|2
377|GBP_JPY~gj-meanrev|BUY|1000|2.114220|2.115420|2.110220|2.115420|2026-08-04T04:42:40|2026-08-04T05:20:09|1.2000|0.0000|0.0000|0|TP|2.200000|24.90000000|4
378|WTICO_USD~oil-impulse|SELL|1000|0.795570|0.807570|0.807570|0.789570|2026-08-04T06:00:16|2026-08-04T08:53:36|-12.0000|0.0000|0.0000|0|SL|2.000000|48.70000000|6
379|GBP_JPY~gj-meanrev|SELL|1000|2.120210|2.119010|2.124210|2.119010|2026-08-04T07:41:48|2026-08-04T11:56:57|1.2000|0.0000|0.0000|0|TP|2.200000|25.90000000|7
380|WTICO_USD~oil-impulse|BUY|1000|0.807070|0.795070|0.795070|0.813070|2026-08-04T09:03:12|2026-08-04T10:47:28|-12.0000|0.0000|0.0000|0|SL|2.000000|81.30000000|9
381|EUR_USD~momentum|BUY|1000|1.151740|1.153740|1.149740|1.153740|2026-08-04T10:47:12|2026-08-05T02:41:05|2.0000|0.0000|0.0000|0|TP|0.800000|8.30000000|10
382|WTICO_USD~oil-impulse|SELL|1000|0.796210|0.790210|0.808210|0.790210|2026-08-04T11:01:24|2026-08-04T11:10:41|6.0000|0.0000|0.0000|0|TP|2.000000|119.30000000|11
383|WTICO_USD~oil-impulse|SELL|1000|0.789100|0.783100|0.801100|0.783100|2026-08-04T11:16:07|2026-08-04T11:39:33|6.0000|0.0000|0.0000|0|TP|2.000000|88.90000000|11
384|GBP_JPY~gj-meanrev|BUY|1000|2.118210|2.119410|2.114210|2.119410|2026-08-04T11:57:00|2026-08-04T14:44:50|1.2000|0.0000|0.0000|0|TP|2.100000|35.65000000|11
385|AUD_JPY~aj-momentum|SELL|1000|1.106950|1.112950|1.112950|1.100950|2026-08-04T11:57:02|2026-08-06T14:52:33|-6.0000|0.0000|0.0000|0|SL|1.100000|18.20000000|11
386|WTICO_USD~oil-impulse|SELL|1000|0.761090|0.755090|0.773090|0.755090|2026-08-04T12:01:02|2026-08-04T13:25:36|6.0000|0.0000|0.0000|0|TP|2.000000|292.60000000|12
387|WTICO_USD~oil-impulse|SELL|1000|0.752420|0.746420|0.764420|0.746420|2026-08-04T13:31:03|2026-08-04T15:38:36|6.0000|0.0000|0.0000|0|TP|2.000000|162.70000000|13
388|XAU_USD~gold-impulse|BUY|1000|0.408880|0.410880|0.404880|0.410880|2026-08-04T13:42:02|2026-08-05T02:35:34|2.0000|0.0000|0.0000|0|TP|0.240000|25.46200000|13
389|BTC_USD~btc-momentum|SELL|1000|0.637100|0.645100|0.645100|0.629100|2026-08-04T13:48:46|2026-08-06T14:51:24|-8.0000|0.0000|0.0000|0|SL|1.000000|32.53900000|13
390|EUR_USD~echo|SELL|1000|1.152860|1.151660|1.154860|1.151660|2026-08-04T14:09:14|2026-08-04T15:16:45|1.2000|0.0000|0.0000|0|TP|0.800000|18.10000000|14
391|BTC_USD~btc-meanrev|SELL|1000|0.640920|0.638520|0.648920|0.638520|2026-08-04T14:40:22|2026-08-04T15:33:02|2.4000|0.0000|0.0000|0|TP|1.000000|53.87000000|14
392|WTICO_USD~oil-impulse|SELL|1000|0.746280|0.740280|0.758280|0.740280|2026-08-04T15:46:02|2026-08-05T00:05:16|6.0000|0.0000|0.0000|0|TP|2.000000|127.00000000|15
393|EUR_USD~echo|SELL|1000|1.152270|1.154270|1.154270|1.151070|2026-08-04T17:39:24|2026-08-05T06:44:58|-2.0000|0.0000|0.0000|0|SL|0.800000|6.00000000|17
394|GBP_JPY~gj-meanrev|SELL|1000|2.121830|2.120630|2.125830|2.120630|2026-08-04T19:04:25|2026-08-05T00:22:23|1.2000|0.0000|0.0000|0|TP|2.100000|26.95000000|19
395|GBP_JPY~gj-h20|SELL|1000|2.121680|2.122900|2.125680|2.117680|2026-08-04T20:00:00|2026-08-04T21:04:19|-1.2200|0.6600|0.0000|0|TIME|6.600000|21.60000000|20
396|XAU_USD~gold-h20|BUY|1000|0.407835|0.407288|0.403840|0.411840|2026-08-04T22:00:30|2026-08-04T23:00:33|-0.5468|0.0340|0.0000|0|TIME|0.340000|0.00000000|22
397|GBP_NZD~gn-echo|BUY|1000|2.281740|2.288940|2.269740|2.288940|2026-08-04T22:27:19|2026-08-04T23:37:16|7.2000|0.0000|0.0000|0|TP|5.800000|7.85000000|22
398|WTICO_USD~oil-impulse|BUY|1000|0.745660|0.751660|0.733660|0.751660|2026-08-05T00:38:26|2026-08-05T01:22:34|6.0000|0.0000|0.0000|0|TP|2.000000|37.60000000|0
399|GBP_JPY~gj-meanrev|BUY|1000|2.118680|2.119880|2.114680|2.119880|2026-08-05T00:56:24|2026-08-05T02:01:11|1.2000|0.0000|0.0000|0|TP|2.200000|25.30000000|0
400|WTICO_USD~oil-impulse|SELL|1000|0.746510|0.740510|0.758510|0.740510|2026-08-05T02:04:03|2026-08-05T02:28:08|6.0000|0.0000|0.0000|0|TP|2.000000|52.50000000|2
401|GBP_JPY~gj-meanrev|BUY|1000|2.117720|2.118920|2.113720|2.118920|2026-08-05T02:25:52|2026-08-05T03:32:50|1.2000|0.0000|0.0000|0|TP|2.200000|27.25000000|2
402|WTICO_USD~oil-impulse|SELL|1000|0.737250|0.749250|0.749250|0.731250|2026-08-05T02:34:02|2026-08-05T07:11:45|-12.0000|0.0000|0.0000|0|SL|2.000000|104.60000000|2
403|XAU_USD~gold-impulse|BUY|1000|0.413090|0.415090|0.409090|0.415090|2026-08-05T02:59:04|2026-08-05T05:38:00|2.0000|0.0000|0.0000|0|TP|0.240000|31.47500000|2
404|XAU_USD~gold-impulse|BUY|1000|0.416700|0.418700|0.412700|0.418700|2026-08-05T05:47:46|2026-08-05T11:37:31|2.0000|0.0000|0.0000|0|TP|0.240000|31.06900000|5
405|JP225_JPY~jp-vprofile|BUY|1000|0.662480|0.647480|0.647480|0.677480|2026-08-05T06:05:04|2026-08-07T01:39:30|-15.0000|0.0000|0.0000|0|SL|0.390000|3.50000000|6
406|GBP_JPY~gj-vprofile|BUY|1000|2.122000|2.125000|2.117000|2.125000|2026-08-05T07:01:36|2026-08-05T08:30:52|3.0000|0.0000|0.0000|0|TP|2.200000|6.50000000|7
407|WTICO_USD~oil-impulse|SELL|1000|0.748910|0.760910|0.760910|0.742910|2026-08-05T07:17:05|2026-08-06T15:17:24|-12.0000|0.0000|0.0000|0|SL|2.000000|116.70000000|7
408|GBP_NZD~gn-echo|SELL|1000|2.294900|2.287700|2.306900|2.287700|2026-08-05T07:27:04|2026-08-07T09:37:36|7.2000|0.0000|0.0000|0|TP|2.400000|23.70000000|7
409|EUR_USD~momentum|SELL|1000|1.153400|1.155400|1.155400|1.151400|2026-08-05T08:41:48|2026-08-05T11:37:30|-2.0000|0.0000|0.0000|0|SL|0.800000|8.10000000|8
410|WTICO_USD~oil-impulse-hh|SELL|1000|0.757330|0.751330|0.769330|0.751330|2026-08-05T10:29:02|2026-08-05T11:37:11|6.0000|0.0000|0.0000|0|TP|2.000000|96.90000000|10
411|EUR_USD~echo|SELL|1000|1.154790|1.153590|1.156790|1.153590|2026-08-05T11:20:20|2026-08-06T14:51:14|1.2000|0.0000|0.0000|0|TP|0.800000|10.70000000|11
412|GBP_JPY~gj-vprofile|BUY|1000|2.122920|2.125920|2.117920|2.125920|2026-08-05T11:22:12|2026-08-06T14:52:32|3.0000|0.0000|0.0000|0|TP|2.200000|15.40000000|11
413|EUR_USD~spreadw|SELL|1000|1.154890|1.153890|1.157290|1.153890|2026-08-05T11:27:08|2026-08-06T14:51:14|1.0000|0.0000|0.0000|0|TP|0.800000|13.45000000|11
414|EUR_USD~impulse|BUY|1000|1.155300|1.153300|1.153300|1.156300|2026-08-05T11:40:11|2026-08-06T14:51:14|-2.0000|0.0000|0.0000|0|SL|0.800000|10.80000000|11
415|EUR_USD~echo|BUY|1000|1.152230|1.153430|1.150230|1.153430|2026-08-06T15:20:07|2026-08-07T12:00:23|1.2000|0.0000|0.0000|0|TP|0.800000|15.50000000|15
416|EUR_USD~impulse|SELL|1000|1.152270|1.154270|1.154270|1.151270|2026-08-06T15:24:07|2026-08-07T12:30:01|-2.0000|0.0000|0.0000|0|SL|0.800000|13.30000000|15
417|EUR_USD~spreadw|BUY|1000|1.152320|1.153320|1.149920|1.153320|2026-08-06T15:51:04|2026-08-07T12:00:17|1.0000|0.0000|0.0000|0|TP|0.800000|24.30000000|15
418|WTICO_USD~oil-impulse|BUY|1000|0.769900|0.775900|0.757900|0.775900|2026-08-06T15:55:03|2026-08-07T04:19:16|6.0000|0.0000|0.0000|0|TP|2.000000|107.30000000|15
419|WTICO_USD~oil-impulse-hh|BUY|1000|0.769900|0.775900|0.757900|0.775900|2026-08-06T15:55:03|2026-08-07T04:19:16|6.0000|0.0000|0.0000|0|TP|2.000000|107.30000000|15
420|AUD_JPY~aj-momentum|SELL|1000|1.112070|1.118070|1.118070|1.106070|2026-08-06T16:18:55|2026-08-10T02:08:53|-6.0000|0.0000|0.0000|0|SL|1.100000|17.00000000|16
421|BTC_USD~btc-echo|BUY|1000|0.644390|0.649190|0.636390|0.649190|2026-08-06T18:06:05|2026-08-07T11:04:39|4.8000|0.0000|0.0000|0|TP|1.000000|31.55400000|18
422|GBP_JPY~gj-h20|SELL|1000|2.131090|2.132280|2.135090|2.127090|2026-08-06T20:00:01|2026-08-06T21:04:20|-1.1900|0.6600|0.0000|0|TIME|6.600000|13.00000000|20
423|GBP_JPY~gj-meanrev|BUY|1000|2.129020|2.130220|2.125020|2.130220|2026-08-07T01:40:59|2026-08-07T02:02:50|1.2000|0.0000|0.0000|0|TP|2.200000|25.50000000|1
424|GBP_JPY~gj-meanrev-ps|BUY|1000|2.129020|2.130220|2.125020|2.130220|2026-08-07T01:40:59|2026-08-07T02:02:50|1.2000|0.0000|0.0000|0|TP|2.200000|25.50000000|1
425|BTC_USD~btc-matrend|SELL|1000|0.643140|0.651140|0.651140|0.633140|2026-08-07T02:23:53|2026-08-07T11:22:54|-8.0000|0.0000|0.0000|0|SL|1.000000|20.29200000|2
426|WTICO_USD~oil-impulse|BUY|1000|0.775710|0.763710|0.763710|0.781710|2026-08-07T04:20:05|2026-08-07T09:37:58|-12.0000|0.0000|0.0000|0|SL|2.000000|48.70000000|4
427|WTICO_USD~oil-impulse-hh|BUY|1000|0.775710|0.763710|0.763710|0.781710|2026-08-07T04:20:05|2026-08-07T09:37:58|-12.0000|0.0000|0.0000|0|SL|2.000000|48.70000000|4
428|SIBN~sibn-meanrev|SELL|1000|0.485400|0.478400|0.499400|0.478400|2026-08-07T07:26:50|2026-08-07T18:27:41|6.5146|0.0000|0.0000|0|TP|1.000000|79.50000000|7
429|AFKS~afks-matrend|SELL|1000|0.921000|0.915000|0.933000|0.915000|2026-08-07T08:00:10|2026-08-07T08:48:02|5.0790|0.0000|0.0000|0|TP|2.000000|75.00000000|8
430|AFKS~afks-matrend|SELL|1000|0.918700|0.912700|0.930700|0.912700|2026-08-07T09:29:15|2026-08-07T09:59:59|5.0813|0.0000|0.0000|0|TP|1.000000|58.00000000|9
431|GBP_JPY~gj-meanrev|BUY|1000|2.126620|2.127820|2.122620|2.127820|2026-08-07T10:41:17|2026-08-07T11:10:35|1.2000|0.0000|0.0000|0|TP|2.200000|21.65000000|10
432|GBP_JPY~gj-meanrev-ps|BUY|1000|2.126620|2.127820|2.122620|2.127820|2026-08-07T10:41:17|2026-08-07T11:10:35|1.2000|0.0000|0.0000|0|TP|2.200000|21.65000000|10
433|BTC_USD~btc-echo|SELL|1000|0.649270|0.644470|0.657270|0.644470|2026-08-07T11:12:03|2026-08-10T15:18:26|4.8000|0.0000|0.0000|0|TP|1.000000|17.38900000|11
434|WTICO_USD~oil-impulse|SELL|1000|0.758430|0.770430|0.770430|0.752430|2026-08-07T11:49:08|2026-08-07T14:10:34|-12.0000|0.0000|0.0000|0|SL|2.000000|32.40000000|11
435|WTICO_USD~oil-impulse-hh|SELL|1000|0.758430|0.770430|0.770430|0.752430|2026-08-07T11:49:08|2026-08-07T14:10:34|-12.0000|0.0000|0.0000|0|SL|2.000000|32.40000000|11
436|EUR_USD~echo|SELL|1000|1.153650|1.155650|1.155650|1.152450|2026-08-07T12:04:01|2026-08-07T12:30:07|-2.0000|0.0000|0.0000|0|SL|0.800000|9.60000000|12
437|EUR_USD~meanrev|SELL|1000|1.157370|1.156370|1.159370|1.156370|2026-08-07T12:45:04|2026-08-07T13:33:30|1.0000|0.0000|0.0000|0|TP|0.800000|49.30000000|12
438|EUR_USD~meanrev-be|SELL|1000|1.157370|1.157370|1.159370|1.156370|2026-08-07T12:45:04|2026-08-07T13:14:08|0.0000|0.0000|0.0000|0|BE|0.800000|49.30000000|12
439|EUR_USD~meanrev-ps|SELL|1000|1.157370|1.156370|1.159370|1.156370|2026-08-07T12:45:04|2026-08-07T13:33:30|1.0000|0.0000|0.0000|0|TP|0.800000|49.30000000|12
440|EUR_USD~meanrev-hh|SELL|1000|1.157370|1.156370|1.159370|1.156370|2026-08-07T12:45:04|2026-08-07T13:33:30|1.0000|0.0000|0.0000|0|TP|0.800000|49.30000000|12
442|GBP_JPY~gj-meanrev|BUY|1000|2.123100|2.124300|2.119100|2.124300|2026-08-07T12:45:19|2026-08-07T12:58:54|1.2000|0.0000|0.0000|0|TP|2.200000|152.95000000|12
443|EUR_USD~impulse|BUY|1000|1.157790|1.155790|1.155790|1.158790|2026-08-07T12:46:16|2026-08-07T13:58:18|-2.0000|0.0000|0.0000|0|SL|0.800000|49.60000000|12
444|EUR_USD~momentum|BUY|1000|1.157910|1.155910|1.155910|1.159910|2026-08-07T12:47:30|2026-08-07T13:57:24|-2.0000|0.0000|0.0000|0|SL|0.800000|8.10000000|12
445|XAU_USD~gold-impulse|BUY|1000|0.437020|0.433020|0.433020|0.439020|2026-08-07T12:48:11|2026-08-07T14:12:10|-4.0000|0.0000|0.0000|0|SL|0.260000|62.46400000|12
446|GBP_JPY~gj-meanrev|SELL|1000|2.124440|2.128440|2.128440|2.123240|2026-08-07T13:00:32|2026-08-07T14:02:49|-4.0000|0.0000|0.0000|0|SL|2.200000|125.30000000|13
447|EUR_USD~echo|SELL|1000|1.156370|1.155170|1.158370|1.155170|2026-08-07T13:34:03|2026-08-07T14:44:37|1.2000|0.0000|0.0000|0|TP|0.800000|15.90000000|13
448|EUR_USD~meanrev|BUY|1000|1.155650|1.156650|1.153650|1.156650|2026-08-07T14:00:25|2026-08-07T16:49:08|1.0000|0.0000|0.0000|0|TP|0.800000|18.30000000|14
449|EUR_USD~meanrev-be|BUY|1000|1.155650|1.155650|1.153650|1.156650|2026-08-07T14:00:25|2026-08-07T14:29:25|0.0000|0.0000|0.0000|0|BE|0.800000|18.30000000|14
450|EUR_USD~meanrev-ps|BUY|1000|1.155650|1.156650|1.153650|1.156650|2026-08-07T14:00:25|2026-08-07T16:49:08|1.0000|0.0000|0.0000|0|TP|0.800000|18.30000000|14
451|EUR_USD~meanrev-hh|BUY|1000|1.155650|1.156650|1.153650|1.156650|2026-08-07T14:00:25|2026-08-07T16:49:08|1.0000|0.0000|0.0000|0|TP|0.800000|18.30000000|14
452|BTC_USD~btc-meanrev|BUY|1000|0.647590|0.649990|0.639590|0.649990|2026-08-07T14:06:04|2026-08-07T14:21:02|2.4000|0.0000|0.0000|0|TP|1.000000|53.38500000|14
453|BTC_USD~btc-meanrev-ps|BUY|1000|0.647590|0.649990|0.639590|0.649990|2026-08-07T14:06:04|2026-08-07T14:21:02|2.4000|0.0000|0.0000|0|TP|1.000000|53.38500000|14
454|EUR_USD~impulse|SELL|1000|1.155530|1.154530|1.157530|1.154530|2026-08-07T14:08:27|2026-08-10T13:51:34|1.0000|0.0000|0.0000|0|TP|0.800000|20.60000000|14
455|WTICO_USD~oil-impulse|BUY|1000|0.766510|0.772510|0.754510|0.772510|2026-08-07T14:18:04|2026-08-07T15:02:12|6.0000|0.0000|0.0000|0|TP|2.000000|77.50000000|14
456|WTICO_USD~oil-impulse-hh|BUY|1000|0.766510|0.772510|0.754510|0.772510|2026-08-07T14:18:04|2026-08-07T15:02:12|6.0000|0.0000|0.0000|0|TP|2.000000|77.50000000|14
457|BTC_USD~btc-matrend|BUY|1000|0.650310|0.642310|0.642310|0.660310|2026-08-07T14:26:12|2026-08-10T15:36:40|-8.0000|0.0000|0.0000|0|SL|1.000000|49.48500000|14
458|EUR_USD~echo|SELL|1000|1.155210|1.154010|1.157210|1.154010|2026-08-07T15:04:02|2026-08-11T02:47:31|1.2000|0.0000|0.0000|0|TP|0.800000|12.40000000|15
459|WTICO_USD~oil-impulse|BUY|1000|0.773990|0.761990|0.761990|0.779990|2026-08-07T15:13:05|2026-08-07T19:24:11|-12.0000|0.0000|0.0000|0|SL|2.000000|89.30000000|15
460|WTICO_USD~oil-impulse-hh|BUY|1000|0.773990|0.761990|0.761990|0.779990|2026-08-07T15:13:05|2026-08-07T19:24:11|-12.0000|0.0000|0.0000|0|SL|2.000000|89.30000000|15
461|GBP_JPY~gj-meanrev|BUY|1000|2.127650|2.128850|2.123650|2.128850|2026-08-07T15:30:42|2026-08-07T20:38:20|1.2000|0.0000|0.0000|0|TP|2.200000|28.30000000|15
463|GBP_JPY~gj-h20|SELL|1000|2.126360|2.129660|2.130360|2.122360|2026-08-07T20:00:01|2026-08-09T21:05:46|-3.3000|0.6600|0.0000|0|TIME|6.600000|16.50000000|20
462|XAU_USD~gold-h20|BUY|1000|0.434399|0.434778|0.430400|0.438400|2026-08-07T20:00:01|2026-08-09T22:01:30|0.3797|0.0260|0.0000|0|TIME|0.260000|15.49900000|20
465|BTC_USD~btc-vprofile|BUY|1000|0.650540|0.644540|0.644540|0.660540|2026-08-08T14:26:01|2026-08-10T13:53:40|-6.0000|0.0000|0.0000|0|SL|1.000000|11.78100000|14
466|BTC_USD~btc-21h|BUY|1000|0.650138|0.649451|0.642140|0.658140|2026-08-08T21:14:01|2026-08-08T22:14:03|-0.6869|0.1000|0.0000|0|TIME|1.000000|4.72400000|21
467|BTC_USD~btc-21h|BUY|1000|0.651007|0.651417|0.643010|0.659010|2026-08-09T21:00:00|2026-08-09T22:00:00|0.4107|0.1000|0.0000|0|TIME|1.000000|9.94500000|21
468|GBP_JPY~gj-sun|BUY|1000|2.129100|2.129790|2.125100|2.133100|2026-08-09T22:06:12|2026-08-09T23:06:14|0.6900|0.2100|0.0000|0|TIME|2.100000|17.40000000|22
469|JP225_JPY~jp-vprofile|BUY|1000|0.663320|0.678320|0.648320|0.678320|2026-08-09T22:11:12|2026-08-12T08:24:46|15.0000|0.0000|0.0000|0|TP|0.710000|7.00000000|22
470|WTICO_USD~oil-impulse|SELL|1000|0.778490|0.772490|0.790490|0.772490|2026-08-09T22:36:11|2026-08-10T05:51:18|6.0000|0.0000|0.0000|0|TP|2.000000|65.60000000|22
471|WTICO_USD~oil-impulse-hh|SELL|1000|0.778490|0.772490|0.790490|0.772490|2026-08-09T22:36:11|2026-08-10T05:51:18|6.0000|0.0000|0.0000|0|TP|2.000000|65.60000000|22
472|BTC_USD~btc-meanrev|SELL|1000|0.652140|0.649740|0.660140|0.649740|2026-08-10T00:11:06|2026-08-10T00:24:20|2.4000|0.0000|0.0000|0|TP|1.000000|41.91300000|0
473|BTC_USD~btc-meanrev-ps|SELL|1000|0.652140|0.649740|0.660140|0.649740|2026-08-10T00:11:06|2026-08-10T00:24:20|2.4000|0.0000|0.0000|0|TP|1.000000|41.91300000|0
474|BTC_USD~btc-momentum|BUY|1000|0.652530|0.644530|0.644530|0.660530|2026-08-10T00:11:09|2026-08-10T13:53:40|-8.0000|0.0000|0.0000|0|SL|1.000000|39.07600000|0
475|GBP_JPY~gj-meanrev|SELL|1000|2.132280|2.136280|2.136280|2.131080|2026-08-10T01:04:02|2026-08-10T05:14:13|-4.0000|0.0000|0.0000|0|SL|2.100000|20.95000000|1
476|GBP_JPY~gj-meanrev-ps|SELL|1000|2.132280|2.136280|2.136280|2.131080|2026-08-10T01:04:02|2026-08-10T05:14:13|-4.0000|0.0000|0.0000|0|SL|2.100000|20.95000000|1
477|BTC_USD~btc-meanrev|SELL|1000|0.652910|0.650510|0.660910|0.650510|2026-08-10T01:50:16|2026-08-10T02:07:39|2.4000|0.0000|0.0000|0|TP|1.000000|44.02600000|1
478|WTICO_USD~oil-impulse|SELL|1000|0.771190|0.783190|0.783190|0.765190|2026-08-10T05:56:49|2026-08-10T08:50:14|-12.0000|0.0000|0.0000|0|SL|2.000000|58.10000000|5
479|WTICO_USD~oil-impulse-hh|SELL|1000|0.771190|0.783190|0.783190|0.765190|2026-08-10T05:56:49|2026-08-10T08:50:14|-12.0000|0.0000|0.0000|0|SL|2.000000|58.10000000|5
480|EUR_JPY~ej-echo|SELL|1000|1.832630|1.840630|1.840630|1.827830|2026-08-10T07:51:03|2026-08-14T11:34:11|-8.0000|0.0000|0.0000|0|SL|1.600000|26.45000000|7
481|EUR_JPY~ej-echo-hh|SELL|1000|1.832630|1.840630|1.840630|1.827830|2026-08-10T07:51:03|2026-08-14T11:34:11|-8.0000|0.0000|0.0000|0|SL|1.600000|26.45000000|7
482|EUR_USD~spreadw|SELL|1000|1.156520|1.155520|1.158920|1.155520|2026-08-10T08:22:10|2026-08-10T10:05:15|1.0000|0.0000|0.0000|0|TP|0.800000|12.50000000|8
483|GBP_JPY~gj-meanrev|SELL|1000|2.142590|2.141390|2.146590|2.141390|2026-08-10T08:57:32|2026-08-10T12:07:21|1.2000|0.0000|0.0000|0|TP|2.200000|26.80000000|8
484|GBP_JPY~gj-meanrev-ps|SELL|1000|2.142590|2.141390|2.146590|2.141390|2026-08-10T08:57:32|2026-08-10T12:07:21|1.2000|0.0000|0.0000|0|TP|2.200000|26.80000000|8
485|WTICO_USD~oil-impulse|SELL|1000|0.778270|0.790270|0.790270|0.772270|2026-08-10T10:24:19|2026-08-10T12:53:54|-12.0000|0.0000|0.0000|0|SL|2.000000|52.60000000|10
486|WTICO_USD~oil-impulse-hh|SELL|1000|0.778270|0.790270|0.790270|0.772270|2026-08-10T10:24:19|2026-08-10T12:53:54|-12.0000|0.0000|0.0000|0|SL|2.000000|52.60000000|10
487|AUD_JPY~aj-momentum|SELL|1000|1.120000|1.126000|1.126000|1.114000|2026-08-10T12:07:20|2026-08-12T12:45:50|-6.0000|0.0000|0.0000|0|SL|1.900000|17.80000000|12
488|GBP_JPY~gj-meanrev|SELL|1000|2.144660|2.148660|2.148660|2.143460|2026-08-10T12:54:16|2026-08-10T14:07:52|-4.0000|0.0000|0.0000|0|SL|2.100000|25.90000000|12
489|GBP_JPY~gj-meanrev-ps|SELL|1000|2.144660|2.148660|2.148660|2.143460|2026-08-10T12:54:16|2026-08-10T14:07:52|-4.0000|0.0000|0.0000|0|SL|2.100000|25.90000000|12
490|WTICO_USD~oil-impulse|SELL|1000|0.785200|0.797200|0.797200|0.779200|2026-08-10T13:22:12|2026-08-10T13:51:26|-12.0000|0.0000|0.0000|0|SL|2.000000|60.00000000|13
491|WTICO_USD~oil-impulse-hh|SELL|1000|0.785200|0.797200|0.797200|0.779200|2026-08-10T13:22:12|2026-08-10T13:51:26|-12.0000|0.0000|0.0000|0|SL|2.000000|60.00000000|13
492|GBP_JPY~gj-meanrev|SELL|1000|2.148970|2.147770|2.152970|2.147770|2026-08-10T14:11:01|2026-08-10T14:16:07|1.2000|0.0000|0.0000|0|TP|2.100000|31.30000000|14
493|GBP_JPY~gj-meanrev-ps|SELL|1000|2.148970|2.147770|2.152970|2.147770|2026-08-10T14:11:01|2026-08-10T14:16:07|1.2000|0.0000|0.0000|0|TP|2.100000|31.30000000|14
494|GBP_JPY~gj-meanrev|SELL|1000|2.149920|2.148720|2.153920|2.148720|2026-08-10T14:48:39|2026-08-10T14:51:54|1.2000|0.0000|0.0000|0|TP|2.100000|29.95000000|14
495|GBP_JPY~gj-meanrev-ps|SELL|1000|2.149920|2.148720|2.153920|2.148720|2026-08-10T14:48:39|2026-08-10T14:51:54|1.2000|0.0000|0.0000|0|TP|2.100000|29.95000000|14
496|BTC_USD~btc-echo|BUY|1000|0.644080|0.636080|0.636080|0.648880|2026-08-10T15:24:05|2026-08-11T15:36:16|-8.0000|0.0000|0.0000|0|SL|1.000000|40.00300000|15
497|GBP_NZD~gn-echo|SELL|1000|2.296440|2.308440|2.308440|2.289240|2026-08-10T15:35:03|2026-08-13T03:04:22|-12.0000|0.0000|0.0000|0|SL|2.400000|19.70000000|15
498|GBP_JPY~gj-meanrev|SELL|1000|2.151970|2.150770|2.155970|2.150770|2026-08-10T18:51:52|2026-08-10T23:47:42|1.2000|0.0000|0.0000|0|TP|2.100000|24.30000000|18
499|GBP_JPY~gj-meanrev-ps|SELL|1000|2.151970|2.150770|2.155970|2.150770|2026-08-10T18:51:52|2026-08-10T23:47:42|1.2000|0.0000|0.0000|0|TP|2.100000|24.30000000|18
500|SPX500_USD~sp-matrend|BUY|1000|0.776260|0.779260|0.772260|0.779260|2026-08-10T18:54:18|2026-08-13T13:37:04|3.0000|0.0000|0.0000|0|TP|0.510000|7.25000000|18
501|AFKS~afks-matrend|BUY|1000|0.931200|0.937200|0.919200|0.937200|2026-08-10T19:15:06|2026-08-11T06:50:12|5.0688|0.0000|0.0000|0|TP|4.000000|67.50000000|19
502|XAU_USD~gold-h20|BUY|1000|0.438904|0.439111|0.434900|0.442900|2026-08-10T20:00:01|2026-08-10T22:00:31|0.2072|0.0260|0.0000|0|TIME|0.260000|16.54000000|20
503|GBP_JPY~gj-h20|SELL|1000|2.151450|2.152420|2.155450|2.147450|2026-08-10T20:00:01|2026-08-10T21:05:34|-0.9700|0.6700|0.0000|0|TIME|6.700000|14.85000000|20
504|BTC_USD~btc-matrend|SELL|1000|0.640250|0.630250|0.648250|0.630250|2026-08-10T21:26:05|2026-08-13T16:39:18|10.0000|0.0000|0.0000|0|TP|1.000000|10.25800000|21
505|GBP_JPY~gj-meanrev|BUY|1000|2.148910|2.150110|2.144910|2.150110|2026-08-11T00:42:53|2026-08-11T00:58:29|1.2000|0.0000|0.0000|0|TP|2.100000|22.45000000|0
506|GBP_JPY~gj-meanrev-ps|BUY|1000|2.148910|2.150110|2.144910|2.150110|2026-08-11T00:42:53|2026-08-11T00:58:29|1.2000|0.0000|0.0000|0|TP|2.100000|22.45000000|0
507|XAU_USD~gold-impulse|SELL|1000|0.441080|0.439080|0.445080|0.439080|2026-08-11T02:56:05|2026-08-11T05:30:01|2.0000|0.0000|0.0000|0|TP|0.260000|18.98700000|2
508|BTC_USD~btc-vprofile|BUY|1000|0.640310|0.634310|0.634310|0.650310|2026-08-11T04:35:12|2026-08-11T15:41:29|-6.0000|0.0000|0.0000|0|SL|1.000000|6.14100000|4
509|XAU_USD~gold-impulse|SELL|1000|0.437500|0.441500|0.441500|0.435500|2026-08-11T05:33:04|2026-08-12T03:08:02|-4.0000|0.0000|0.0000|0|SL|0.260000|32.86700000|5
510|WTICO_USD~oil-impulse|BUY|1000|0.826290|0.832290|0.814290|0.832290|2026-08-11T06:46:28|2026-08-11T08:12:46|6.0000|0.0000|0.0000|0|TP|2.000000|109.50000000|6
511|WTICO_USD~oil-impulse-hh|BUY|1000|0.826290|0.832290|0.814290|0.832290|2026-08-11T06:46:28|2026-08-11T08:12:46|6.0000|0.0000|0.0000|0|TP|2.000000|109.50000000|6
512|EUR_USD~echo|BUY|1000|1.153280|1.154480|1.151280|1.154480|2026-08-11T07:44:29|2026-08-11T13:45:12|1.2000|0.0000|0.0000|0|TP|0.800000|6.40000000|7
513|WTICO_USD~oil-impulse|BUY|1000|0.832300|0.820300|0.820300|0.838300|2026-08-11T08:15:04|2026-08-11T11:01:09|-12.0000|0.0000|0.0000|0|SL|2.000000|52.10000000|8
514|WTICO_USD~oil-impulse-hh|BUY|1000|0.832300|0.820300|0.820300|0.838300|2026-08-11T08:15:04|2026-08-11T11:01:09|-12.0000|0.0000|0.0000|0|SL|2.000000|52.10000000|8
515|GBP_JPY~gj-vprofile|BUY|1000|2.151750|2.146750|2.146750|2.154750|2026-08-11T09:03:04|2026-08-12T09:24:28|-5.0000|0.0000|0.0000|0|SL|2.100000|17.00000000|9
516|WTICO_USD~oil-impulse|SELL|1000|0.817220|0.811220|0.829220|0.811220|2026-08-11T11:02:06|2026-08-11T11:03:57|6.0000|0.0000|0.0000|0|TP|2.000000|110.30000000|11
517|WTICO_USD~oil-impulse-hh|SELL|1000|0.817220|0.811220|0.829220|0.811220|2026-08-11T11:02:06|2026-08-11T11:03:57|6.0000|0.0000|0.0000|0|TP|2.000000|110.30000000|11
518|EUR_USD~momentum|BUY|1000|1.154300|1.152300|1.152300|1.156300|2026-08-11T11:05:47|2026-08-12T17:44:01|-2.0000|0.0000|0.0000|0|SL|0.800000|8.50000000|11
519|WTICO_USD~oil-impulse|SELL|1000|0.809360|0.821360|0.821360|0.803360|2026-08-11T11:17:02|2026-08-11T15:34:54|-12.0000|0.0000|0.0000|0|SL|2.000000|173.10000000|11
520|WTICO_USD~oil-impulse-hh|SELL|1000|0.809360|0.821360|0.821360|0.803360|2026-08-11T11:17:02|2026-08-11T15:34:54|-12.0000|0.0000|0.0000|0|SL|2.000000|173.10000000|11
521|WTICO_USD~oil-impulse|BUY|1000|0.821560|0.827560|0.809560|0.827560|2026-08-11T15:35:04|2026-08-12T01:07:23|6.0000|0.0000|0.0000|0|TP|2.000000|76.10000000|15
522|WTICO_USD~oil-impulse-hh|BUY|1000|0.821560|0.827560|0.809560|0.827560|2026-08-11T15:35:04|2026-08-12T01:07:23|6.0000|0.0000|0.0000|0|TP|2.000000|76.10000000|15
523|BTC_USD~btc-echo|BUY|1000|0.635590|0.640390|0.627590|0.640390|2026-08-11T16:05:14|2026-08-12T09:59:10|4.8000|0.0000|0.0000|0|TP|1.000000|39.15800000|16
524|GBP_JPY~gj-h20|SELL|1000|2.151300|2.151990|2.155300|2.147300|2026-08-11T20:00:02|2026-08-11T21:04:14|-0.6900|0.6600|0.0000|0|TIME|6.600000|10.80000000|20
525|WTICO_USD~oil-impulse|SELL|1000|0.823850|0.817850|0.835850|0.817850|2026-08-12T06:37:09|2026-08-12T09:24:11|6.0000|0.0000|0.0000|0|TP|2.000000|42.00000000|6
526|WTICO_USD~oil-impulse-hh|SELL|1000|0.823850|0.817850|0.835850|0.817850|2026-08-12T06:37:09|2026-08-12T09:24:11|6.0000|0.0000|0.0000|0|TP|2.000000|42.00000000|6
527|AFKS~afks-matrend|SELL|1000|0.933100|0.927100|0.945100|0.927100|2026-08-12T07:05:23|2026-08-12T08:15:19|5.0669|0.0000|0.0000|0|TP|2.000000|34.00000000|7
528|SIBN~sibn-meanrev|SELL|1000|0.504750|0.497750|0.518750|0.497750|2026-08-12T08:16:53|2026-08-12T20:35:15|6.4953|0.0000|0.0000|0|TP|2.000000|68.50000000|8
529|GBP_JPY~gj-meanrev|BUY|1000|2.150820|2.146820|2.146820|2.152020|2026-08-12T09:23:40|2026-08-12T09:24:28|-4.0000|0.0000|0.0000|0|SL|2.100000|24.75000000|9
530|GBP_JPY~gj-meanrev-ps|BUY|1000|2.150820|2.146820|2.146820|2.152020|2026-08-12T09:23:40|2026-08-12T09:24:28|-4.0000|0.0000|0.0000|0|SL|2.100000|24.75000000|9
531|WTICO_USD~oil-impulse|SELL|1000|0.816390|0.810390|0.828390|0.810390|2026-08-12T09:27:23|2026-08-13T01:00:11|6.0000|0.0000|0.0000|0|TP|2.000000|79.70000000|9
532|WTICO_USD~oil-impulse-hh|SELL|1000|0.816390|0.810390|0.828390|0.810390|2026-08-12T09:27:23|2026-08-13T01:00:11|6.0000|0.0000|0.0000|0|TP|2.000000|79.70000000|9
533|BTC_USD~btc-vprofile|BUY|1000|0.640880|0.634880|0.634880|0.650880|2026-08-12T10:04:27|2026-08-12T14:35:15|-6.0000|0.0000|0.0000|0|SL|1.000000|40.86500000|10
534|BTC_USD~btc-echo|SELL|1000|0.640640|0.635840|0.648640|0.635840|2026-08-12T10:32:02|2026-08-12T14:03:11|4.8000|0.0000|0.0000|0|TP|1.000000|20.44200000|10
535|EUR_USD~impulse|BUY|1000|1.155300|1.153300|1.153300|1.156300|2026-08-12T12:48:06|2026-08-12T16:16:50|-2.0000|0.0000|0.0000|0|SL|0.800000|23.20000000|12
536|AFKS~afks-matrend|SELL|1000|0.921500|0.915500|0.933500|0.915500|2026-08-12T12:51:17|2026-08-12T14:16:08|5.0785|0.0000|0.0000|0|TP|4.000000|75.00000000|12
537|XAU_USD~gold-impulse|BUY|1000|0.443120|0.439120|0.439120|0.445120|2026-08-12T13:01:12|2026-08-13T05:42:54|-4.0000|0.0000|0.0000|0|SL|0.260000|43.49900000|13
538|EUR_USD~echo|SELL|1000|1.156120|1.154920|1.158120|1.154920|2026-08-12T13:11:04|2026-08-12T13:40:22|1.2000|0.0000|0.0000|0|TP|0.800000|26.30000000|13
539|GBP_JPY~gj-meanrev|SELL|1000|2.151700|2.150500|2.155700|2.150500|2026-08-12T14:02:15|2026-08-12T14:28:45|1.2000|0.0000|0.0000|0|TP|2.100000|24.65000000|14
540|GBP_JPY~gj-meanrev-ps|SELL|1000|2.151700|2.150500|2.155700|2.150500|2026-08-12T14:02:15|2026-08-12T14:28:45|1.2000|0.0000|0.0000|0|TP|2.100000|24.65000000|14
541|BTC_USD~btc-echo|BUY|1000|0.633290|0.638090|0.625290|0.638090|2026-08-12T14:59:00|2026-08-13T05:13:27|4.8000|0.0000|0.0000|0|TP|1.000000|49.43400000|14
542|BTC_USD~btc-vprofile|SELL|1000|0.634000|0.640000|0.640000|0.624000|2026-08-12T15:06:00|2026-08-17T15:28:59|-6.0000|0.0000|0.0000|0|SL|1.000000|53.87300000|15
543|EUR_USD~echo|BUY|1000|1.152060|1.153260|1.150060|1.153260|2026-08-12T18:57:11|2026-08-13T09:56:42|1.2000|0.0000|0.0000|0|TP|0.800000|5.30000000|18
544|GBP_JPY~gj-h20|SELL|1000|2.151630|2.151830|2.155630|2.147630|2026-08-12T20:00:02|2026-08-12T21:05:42|-0.2000|0.6700|0.0000|0|TIME|6.700000|7.80000000|20
545|GBP_NZD~gn-echo|SELL|1000|2.309570|2.302370|2.321570|2.302370|2026-08-13T03:07:15|2026-08-14T02:25:06|7.2000|0.0000|0.0000|0|TP|2.400000|50.90000000|3
546|GBP_NZD~gn-meanrev|SELL|1000|2.311400|2.305400|2.323400|2.305400|2026-08-13T03:09:03|2026-08-13T17:15:46|6.0000|0.0000|0.0000|0|TP|2.400000|68.10000000|3
547|GBP_NZD~gn-meanrev-ps|SELL|1000|2.311400|2.305400|2.323400|2.305400|2026-08-13T03:09:03|2026-08-13T17:15:46|6.0000|0.0000|0.0000|0|TP|2.400000|68.10000000|3
548|WTICO_USD~oil-impulse|BUY|1000|0.817680|0.805680|0.805680|0.823680|2026-08-13T04:11:20|2026-08-13T09:05:54|-12.0000|0.0000|0.0000|0|SL|2.000000|32.40000000|4
549|WTICO_USD~oil-impulse-hh|BUY|1000|0.817680|0.805680|0.805680|0.823680|2026-08-13T04:11:20|2026-08-13T09:05:54|-12.0000|0.0000|0.0000|0|SL|2.000000|32.40000000|4
550|GBP_JPY~gj-meanrev|BUY|1000|2.149040|2.150240|2.145040|2.150240|2026-08-13T04:45:46|2026-08-13T04:48:14|1.2000|0.0000|0.0000|0|TP|2.100000|20.95000000|4
551|GBP_JPY~gj-meanrev-ps|BUY|1000|2.149040|2.150240|2.145040|2.150240|2026-08-13T04:45:46|2026-08-13T04:48:14|1.2000|0.0000|0.0000|0|TP|2.100000|20.95000000|4
552|BTC_USD~btc-echo|SELL|1000|0.639350|0.634550|0.647350|0.634550|2026-08-13T05:16:03|2026-08-13T11:23:09|4.8000|0.0000|0.0000|0|TP|1.000000|39.00000000|5
553|SIBN~sibn-meanrev|BUY|1000|0.490700|0.476700|0.476700|0.497700|2026-08-13T07:45:20|2026-08-13T14:34:49|-14.4907|0.0000|0.0000|0|SL|2.500000|81.50000000|7
554|EUR_USD~spreadw|SELL|1000|1.153080|1.155480|1.155480|1.152080|2026-08-13T09:24:12|2026-08-14T08:07:02|-2.4000|0.0000|0.0000|0|SL|0.800000|9.50000000|9
555|AFKS~afks-matrend|SELL|1000|0.887900|0.881900|0.899900|0.881900|2026-08-13T10:32:07|2026-08-13T13:38:58|5.1121|0.0000|0.0000|0|TP|2.000000|75.00000000|10
556|WTICO_USD~oil-impulse|SELL|1000|0.805840|0.799840|0.817840|0.799840|2026-08-13T10:33:34|2026-08-13T13:54:25|6.0000|0.0000|0.0000|0|TP|2.000000|64.80000000|10
557|WTICO_USD~oil-impulse-hh|SELL|1000|0.805840|0.799840|0.817840|0.799840|2026-08-13T10:33:34|2026-08-13T13:54:25|6.0000|0.0000|0.0000|0|TP|2.000000|64.80000000|10
558|EUR_USD~momentum|BUY|1000|1.153840|1.155840|1.151840|1.155840|2026-08-13T12:48:55|2026-08-14T11:15:05|2.0000|0.0000|0.0000|0|TP|0.800000|9.30000000|12
559|EUR_USD~echo|SELL|1000|1.154120|1.152920|1.156120|1.152920|2026-08-13T12:58:06|2026-08-13T16:14:02|1.2000|0.0000|0.0000|0|TP|0.800000|14.90000000|12
560|EUR_USD~impulse|BUY|1000|1.154340|1.155340|1.152340|1.155340|2026-08-13T13:02:44|2026-08-14T08:00:57|1.0000|0.0000|0.0000|0|TP|0.800000|17.70000000|13
561|WTICO_USD~oil-impulse|SELL|1000|0.796340|0.808340|0.808340|0.790340|2026-08-13T14:02:11|2026-08-13T15:11:32|-12.0000|0.0000|0.0000|0|SL|2.000000|87.00000000|14
562|WTICO_USD~oil-impulse-hh|SELL|1000|0.796340|0.808340|0.808340|0.790340|2026-08-13T14:02:11|2026-08-13T15:11:32|-12.0000|0.0000|0.0000|0|SL|2.000000|87.00000000|14
563|GBP_JPY~gj-meanrev|BUY|1000|2.148420|2.149620|2.144420|2.149620|2026-08-13T14:11:46|2026-08-13T14:52:08|1.2000|0.0000|0.0000|0|TP|2.100000|28.40000000|14
564|GBP_JPY~gj-meanrev-ps|BUY|1000|2.148420|2.149620|2.144420|2.149620|2026-08-13T14:11:46|2026-08-13T14:52:08|1.2000|0.0000|0.0000|0|TP|2.100000|28.40000000|14
565|JP225_JPY~jp-vprofile|BUY|1000|0.691190|0.676190|0.676190|0.706190|2026-08-13T14:14:35|2026-08-18T05:58:10|-15.0000|0.0000|0.0000|0|SL|0.350000|60.99000000|14
566|WTICO_USD~oil-impulse|BUY|1000|0.808600|0.814600|0.796600|0.814600|2026-08-13T15:12:04|2026-08-13T15:17:47|6.0000|0.0000|0.0000|0|TP|2.000000|73.00000000|15
567|WTICO_USD~oil-impulse-hh|BUY|1000|0.808600|0.814600|0.796600|0.814600|2026-08-13T15:12:04|2026-08-13T15:17:47|6.0000|0.0000|0.0000|0|TP|2.000000|73.00000000|15
568|WTICO_USD~oil-impulse|BUY|1000|0.814590|0.802590|0.802590|0.820590|2026-08-13T15:27:02|2026-08-13T18:39:54|-12.0000|0.0000|0.0000|0|SL|2.000000|119.70000000|15
569|WTICO_USD~oil-impulse-hh|BUY|1000|0.814590|0.802590|0.802590|0.820590|2026-08-13T15:27:02|2026-08-13T18:39:54|-12.0000|0.0000|0.0000|0|SL|2.000000|119.70000000|15
570|BTC_USD~btc-momentum|SELL|1000|0.630090|0.638090|0.638090|0.622090|2026-08-13T16:39:20|2026-08-17T14:59:30|-8.0000|0.0000|0.0000|0|SL|1.000000|37.16400000|16
571|BTC_USD~btc-meanrev|BUY|1000|0.630000|0.632400|0.622000|0.632400|2026-08-13T16:39:35|2026-08-13T18:53:08|2.4000|0.0000|0.0000|0|TP|1.000000|50.40600000|16
572|BTC_USD~btc-meanrev-ps|BUY|1000|0.630000|0.632400|0.622000|0.632400|2026-08-13T16:39:35|2026-08-13T18:53:08|2.4000|0.0000|0.0000|0|TP|1.000000|50.40600000|16
573|BTC_USD~btc-echo|BUY|1000|0.630090|0.634890|0.622090|0.634890|2026-08-13T16:40:03|2026-08-13T22:05:11|4.8000|0.0000|0.0000|0|TP|1.000000|66.97800000|16
574|BTC_USD~btc-impulse|SELL|1000|0.628390|0.636390|0.636390|0.624390|2026-08-13T16:44:04|2026-08-17T06:48:30|-8.0000|0.0000|0.0000|0|SL|1.000000|67.46900000|16
575|WTICO_USD~oil-impulse|SELL|1000|0.804070|0.816070|0.816070|0.798070|2026-08-13T18:51:51|2026-08-14T07:02:47|-12.0000|0.0000|0.0000|0|SL|2.000000|49.90000000|18
576|WTICO_USD~oil-impulse-hh|SELL|1000|0.804070|0.816070|0.816070|0.798070|2026-08-13T18:51:51|2026-08-14T07:02:47|-12.0000|0.0000|0.0000|0|SL|2.000000|49.90000000|18
577|GBP_JPY~gj-h20|SELL|1000|2.151260|2.151900|2.155260|2.147260|2026-08-13T20:00:00|2026-08-13T21:04:15|-0.6400|0.6600|0.0000|0|TIME|6.600000|6.30000000|20
578|BTC_USD~btc-matrend|SELL|1000|0.633280|0.641280|0.641280|0.623280|2026-08-13T20:50:10|2026-08-17T15:51:18|-8.0000|0.0000|0.0000|0|SL|1.000000|9.37900000|20
579|BTC_USD~btc-echo|BUY|1000|0.629580|0.634380|0.621580|0.634380|2026-08-14T06:53:06|2026-08-17T03:55:52|4.8000|0.0000|0.0000|0|TP|1.000000|37.59600000|6
580|AFKS~afks-matrend|SELL|1000|0.886000|0.880000|0.898000|0.880000|2026-08-14T07:07:21|2026-08-14T08:27:38|5.1140|0.0000|0.0000|0|TP|5.000000|32.00000000|7
581|WTICO_USD~oil-impulse|BUY|1000|0.817150|0.805150|0.805150|0.823150|2026-08-14T07:08:09|2026-08-14T10:52:07|-12.0000|0.0000|0.0000|0|SL|2.000000|52.30000000|7
582|WTICO_USD~oil-impulse-hh|BUY|1000|0.817150|0.805150|0.805150|0.823150|2026-08-14T07:08:09|2026-08-14T10:52:07|-12.0000|0.0000|0.0000|0|SL|2.000000|52.30000000|7
583|EUR_USD~impulse|BUY|1000|1.155170|1.156170|1.153170|1.156170|2026-08-14T08:02:15|2026-08-14T11:19:33|1.0000|0.0000|0.0000|0|TP|0.800000|8.60000000|8
584|SIBN~sibn-meanrev|BUY|1000|0.477750|0.463750|0.463750|0.484750|2026-08-14T08:27:26|2026-08-14T12:58:56|-14.4778|0.0000|0.0000|0|SL|1.000000|92.75000000|8
585|EUR_USD~echo|SELL|1000|1.155680|1.157680|1.157680|1.154480|2026-08-14T09:01:19|2026-08-14T12:30:16|-2.0000|0.0000|0.0000|0|SL|0.800000|6.50000000|9
586|GBP_NZD~gn-echo|BUY|1000|2.299180|2.306380|2.287180|2.306380|2026-08-14T09:27:17|2026-08-19T00:33:21|7.2000|0.0000|0.0000|0|TP|2.400000|19.10000000|9
587|GBP_JPY~gj-meanrev|BUY|1000|2.152090|2.153290|2.148090|2.153290|2026-08-14T12:08:46|2026-08-14T13:15:05|1.2000|0.0000|0.0000|0|TP|2.100000|23.15000000|12
588|GBP_JPY~gj-meanrev-ps|BUY|1000|2.152090|2.153290|2.148090|2.153290|2026-08-14T12:08:46|2026-08-14T13:15:05|1.2000|0.0000|0.0000|0|TP|2.100000|23.15000000|12
589|EUR_USD~momentum|BUY|1000|1.157740|1.159740|1.155740|1.159740|2026-08-14T12:30:32|2026-08-17T07:16:33|2.0000|0.0000|0.0000|0|TP|0.800000|10.90000000|12
590|EUR_USD~echo|SELL|1000|1.157620|1.156420|1.159620|1.156420|2026-08-14T12:31:06|2026-08-14T12:56:29|1.2000|0.0000|0.0000|0|TP|0.800000|14.50000000|12
591|AFKS~afks-matrend|SELL|1000|0.852500|0.846500|0.864500|0.846500|2026-08-14T12:52:11|2026-08-14T13:00:01|5.1475|0.0000|0.0000|0|TP|3.000000|88.50000000|12
592|EUR_USD~echo|SELL|1000|1.156540|1.158540|1.158540|1.155340|2026-08-14T13:01:06|2026-08-14T14:29:12|-2.0000|0.0000|0.0000|0|SL|0.800000|12.70000000|13
593|GBP_JPY~gj-meanrev|SELL|1000|2.153570|2.157570|2.157570|2.152370|2026-08-14T13:15:10|2026-08-14T15:47:59|-4.0000|0.0000|0.0000|0|SL|2.100000|29.20000000|13
594|GBP_JPY~gj-meanrev-ps|SELL|1000|2.153570|2.157570|2.157570|2.152370|2026-08-14T13:15:10|2026-08-14T15:47:59|-4.0000|0.0000|0.0000|0|SL|2.100000|29.20000000|13
595|SIBN~sibn-meanrev|BUY|1000|0.458400|0.465400|0.444400|0.465400|2026-08-14T13:18:36|2026-08-14T14:38:08|6.5416|0.0000|0.0000|0|TP|2.000000|88.25000000|13
596|EUR_USD~meanrev|SELL|1000|1.157990|1.156990|1.159990|1.156990|2026-08-14T13:39:00|2026-08-14T17:04:47|1.0000|0.0000|0.0000|0|TP|0.800000|17.30000000|13
597|EUR_USD~meanrev-be|SELL|1000|1.157990|1.156990|1.159990|1.156990|2026-08-14T13:39:00|2026-08-14T17:04:47|1.0000|0.0000|0.0000|0|TP|0.800000|17.30000000|13
598|EUR_USD~meanrev-ps|SELL|1000|1.157990|1.156990|1.159990|1.156990|2026-08-14T13:39:00|2026-08-14T17:04:47|1.0000|0.0000|0.0000|0|TP|0.800000|17.30000000|13
599|EUR_USD~meanrev-hh|SELL|1000|1.157990|1.156990|1.159990|1.156990|2026-08-14T13:39:00|2026-08-14T17:04:47|1.0000|0.0000|0.0000|0|TP|0.800000|17.30000000|13
600|EUR_USD~impulse|BUY|1000|1.158030|1.159030|1.156030|1.159030|2026-08-14T13:53:04|2026-08-17T06:28:56|1.0000|0.0000|0.0000|0|TP|0.800000|19.90000000|13
601|EUR_USD~echo|SELL|1000|1.158210|1.157010|1.160210|1.157010|2026-08-14T14:31:09|2026-08-14T17:04:41|1.2000|0.0000|0.0000|0|TP|0.800000|15.70000000|14
602|EUR_USD~echo|SELL|1000|1.156510|1.158510|1.158510|1.155310|2026-08-14T18:01:32|2026-08-17T04:05:47|-2.0000|0.0000|0.0000|0|SL|0.800000|7.60000000|18
603|XAU_USD~gold-h20|BUY|1000|0.437566|0.437940|0.433570|0.441570|2026-08-14T20:00:02|2026-08-16T22:01:30|0.3744|0.0260|0.0000|0|TIME|0.260000|6.16600000|20
604|GBP_JPY~gj-h20|SELL|1000|2.156530|2.157140|2.160530|2.152530|2026-08-14T20:00:06|2026-08-16T21:05:49|-0.6100|0.6700|0.0000|0|TIME|6.700000|6.95000000|20
606|WTICO_USD~oil-impulse|SELL|1000|0.817260|0.811260|0.829260|0.811260|2026-08-16T22:01:17|2026-08-17T00:59:08|6.0000|0.0000|0.0000|0|TP|2.000000|89.80000000|22
607|WTICO_USD~oil-impulse-hh|SELL|1000|0.817260|0.811260|0.829260|0.811260|2026-08-16T22:01:17|2026-08-17T00:59:08|6.0000|0.0000|0.0000|0|TP|2.000000|89.80000000|22
608|GBP_JPY~gj-sun|BUY|1000|2.156680|2.155760|2.152680|2.160680|2026-08-16T22:06:27|2026-08-16T23:06:32|-0.9200|0.2100|0.0000|0|TIME|2.100000|12.30000000|22
609|WTICO_USD~oil-impulse|BUY|1000|0.819000|0.825000|0.807000|0.825000|2026-08-17T01:45:20|2026-08-17T17:06:53|6.0000|0.0000|0.0000|0|TP|2.000000|68.10000000|1
610|WTICO_USD~oil-impulse-hh|BUY|1000|0.819000|0.825000|0.807000|0.825000|2026-08-17T01:45:20|2026-08-17T17:06:53|6.0000|0.0000|0.0000|0|TP|2.000000|68.10000000|1
611|BTC_USD~btc-echo|SELL|1000|0.635210|0.643210|0.643210|0.630410|2026-08-17T05:23:07|2026-08-17T17:21:24|-8.0000|0.0000|0.0000|0|SL|1.000000|12.86700000|5
612|EUR_USD~echo|SELL|1000|1.158830|1.160830|1.160830|1.157630|2026-08-17T05:48:12|2026-08-17T07:31:46|-2.0000|0.0000|0.0000|0|SL|0.800000|4.60000000|5
613|EUR_USD~meanrev|SELL|1000|1.161020|1.160020|1.163020|1.160020|2026-08-17T07:32:12|2026-08-17T08:53:27|1.0000|0.0000|0.0000|0|TP|0.800000|21.40000000|7
614|EUR_USD~meanrev-be|SELL|1000|1.161020|1.161020|1.163020|1.160020|2026-08-17T07:32:12|2026-08-17T08:24:11|0.0000|0.0000|0.0000|0|BE|0.800000|21.40000000|7
615|EUR_USD~meanrev-ps|SELL|1000|1.161020|1.160020|1.163020|1.160020|2026-08-17T07:32:12|2026-08-17T08:53:27|1.0000|0.0000|0.0000|0|TP|0.800000|21.40000000|7
616|EUR_USD~meanrev-hh|SELL|1000|1.161020|1.160020|1.163020|1.160020|2026-08-17T07:32:12|2026-08-17T08:53:27|1.0000|0.0000|0.0000|0|TP|0.800000|21.40000000|7
617|EUR_USD~momentum|BUY|1000|1.161080|1.159080|1.159080|1.163080|2026-08-17T07:32:45|2026-08-17T10:54:01|-2.0000|0.0000|0.0000|0|SL|0.800000|8.20000000|7
618|EUR_USD~impulse|BUY|1000|1.161110|1.159110|1.159110|1.162110|2026-08-17T07:43:16|2026-08-17T10:39:27|-2.0000|0.0000|0.0000|0|SL|0.800000|15.10000000|7
619|EUR_USD~echo|SELL|1000|1.160700|1.159500|1.162700|1.159500|2026-08-17T07:57:42|2026-08-17T10:05:47|1.2000|0.0000|0.0000|0|TP|0.800000|17.50000000|7
620|AFKS~afks-matrend|BUY|1000|0.812100|0.818100|0.800100|0.818100|2026-08-17T08:13:06|2026-08-17T08:47:43|5.1879|0.0000|0.0000|0|TP|2.000000|203.00000000|8
621|EUR_USD~echo|SELL|1000|1.159490|1.158290|1.161490|1.158290|2026-08-17T10:29:35|2026-08-17T15:17:54|1.2000|0.0000|0.0000|0|TP|0.800000|9.40000000|10
622|SIBN~sibn-meanrev|BUY|1000|0.464800|0.471800|0.450800|0.471800|2026-08-17T10:53:35|2026-08-18T09:34:45|6.5352|0.0000|0.0000|0|TP|2.500000|92.50000000|10
623|AFKS~afks-matrend|BUY|1000|0.813100|0.801100|0.801100|0.819100|2026-08-17T11:44:06|2026-08-17T14:26:30|-12.8131|0.0000|0.0000|0|SL|3.000000|55.00000000|11
624|XAU_USD~gold-impulse|BUY|1000|0.442350|0.438350|0.438350|0.444350|2026-08-17T14:26:08|2026-08-18T13:30:17|-4.0000|0.0000|0.0000|0|SL|0.260000|21.46000000|14
625|EUR_USD~echo|SELL|1000|1.158690|1.157490|1.160690|1.157490|2026-08-17T15:50:39|2026-08-17T18:25:40|1.2000|0.0000|0.0000|0|TP|0.800000|7.90000000|15
626|BTC_USD~btc-impulse|BUY|1000|0.641290|0.645290|0.633290|0.645290|2026-08-17T15:52:07|2026-08-17T18:23:24|4.0000|0.0000|0.0000|0|TP|1.000000|35.75200000|15
627|WTICO_USD~oil-impulse|BUY|1000|0.826430|0.832430|0.814430|0.832430|2026-08-17T17:07:09|2026-08-17T17:31:52|6.0000|0.0000|0.0000|0|TP|2.000000|67.10000000|17
628|WTICO_USD~oil-impulse-hh|BUY|1000|0.826430|0.832430|0.814430|0.832430|2026-08-17T17:07:09|2026-08-17T17:31:52|6.0000|0.0000|0.0000|0|TP|2.000000|67.10000000|17
629|BTC_USD~btc-echo|SELL|1000|0.641550|0.649550|0.649550|0.636750|2026-08-17T17:30:01|2026-08-18T14:29:03|-8.0000|0.0000|0.0000|0|SL|1.000000|41.43100000|17
630|WTICO_USD~oil-impulse|BUY|1000|0.835010|0.841010|0.823010|0.841010|2026-08-17T17:37:13|2026-08-17T20:38:24|6.0000|0.0000|0.0000|0|TP|2.000000|109.00000000|17
631|WTICO_USD~oil-impulse-hh|BUY|3000|0.835010|0.841010|0.823010|0.841010|2026-08-17T17:37:13|2026-08-17T20:38:24|18.0000|0.0000|0.0000|0|TP|2.000000|109.00000000|17
632|AFKS~afks-matrend|SELL|1000|0.801900|0.813900|0.813900|0.795900|2026-08-17T17:46:11|2026-08-18T07:13:18|-12.8019|0.0000|0.0000|0|SL|2.000000|65.50000000|17
633|XAU_USD~gold-h20|BUY|1000|0.442042|0.441775|0.438040|0.446040|2026-08-17T20:00:00|2026-08-17T22:00:30|-0.2673|0.0260|0.0000|0|TIME|0.260000|19.36300000|20
634|GBP_JPY~gj-h20|SELL|1000|2.159350|2.160000|2.163350|2.155350|2026-08-17T20:00:01|2026-08-17T21:05:31|-0.6500|0.6700|0.0000|0|TIME|6.700000|13.60000000|20
635|GBP_JPY~gj-vprofile|BUY|1000|2.160800|2.155800|2.155800|2.163800|2026-08-18T00:51:20|2026-08-19T12:33:01|-5.0000|0.0000|0.0000|0|SL|2.100000|19.60000000|0
636|WTICO_USD~oil-impulse|BUY|1000|0.842130|0.848130|0.830130|0.848130|2026-08-18T01:42:08|2026-08-18T13:30:19|6.0000|0.0000|0.0000|0|TP|2.000000|43.90000000|1
637|WTICO_USD~oil-impulse-hh|BUY|1000|0.842130|0.848130|0.830130|0.848130|2026-08-18T01:42:08|2026-08-18T13:30:19|6.0000|0.0000|0.0000|0|TP|2.000000|43.90000000|1
638|BTC_USD~btc-matrend|BUY|1000|0.640980|0.650980|0.632980|0.650980|2026-08-18T03:44:10|2026-08-19T13:31:13|10.0000|0.0000|0.0000|0|TP|1.000000|10.65900000|3
639|BTC_USD~btc-vprofile|BUY|1000|0.642300|0.652300|0.636300|0.652300|2026-08-18T06:22:08|2026-08-19T14:06:19|10.0000|0.0000|0.0000|0|TP|1.000000|0.00000000|6
640|AFKS~afks-matrend|SELL|1000|0.827800|0.821800|0.839800|0.821800|2026-08-18T10:59:09|2026-08-18T12:36:09|5.1722|0.0000|0.0000|0|TP|2.000000|94.50000000|10
641|WTICO_USD~oil-impulse|SELL|1000|0.842050|0.836050|0.854050|0.836050|2026-08-18T14:07:10|2026-08-19T12:38:51|6.0000|0.0000|0.0000|0|TP|2.000000|60.90000000|14
642|WTICO_USD~oil-impulse-hh|SELL|1000|0.842050|0.836050|0.854050|0.836050|2026-08-18T14:07:10|2026-08-19T12:38:51|6.0000|0.0000|0.0000|0|TP|2.000000|60.90000000|14
643|SIBN~sibn-meanrev|BUY|1000|0.458250|0.465250|0.444250|0.465250|2026-08-18T14:15:16|2026-08-18T18:42:57|6.5418|0.0000|0.0000|0|TP|1.500000|78.75000000|14
644|BTC_USD~btc-momentum|BUY|1000|0.646180|0.654180|0.638180|0.654180|2026-08-18T14:23:53|2026-08-19T14:17:09|8.0000|0.0000|0.0000|0|TP|1.000000|34.02400000|14
645|BTC_USD~btc-meanrev|SELL|1000|0.646280|0.643880|0.654280|0.643880|2026-08-18T14:24:04|2026-08-19T01:42:39|2.4000|0.0000|0.0000|0|TP|1.000000|56.65200000|14
646|BTC_USD~btc-meanrev-ps|SELL|1000|0.646280|0.643880|0.654280|0.643880|2026-08-18T14:24:04|2026-08-19T01:42:39|2.4000|0.0000|0.0000|0|TP|1.000000|56.65200000|14
647|BTC_USD~btc-impulse|BUY|1000|0.647400|0.651400|0.639400|0.651400|2026-08-18T14:39:06|2026-08-19T13:31:24|4.0000|0.0000|0.0000|0|TP|1.000000|79.17900000|14
648|BTC_USD~btc-echo|SELL|1000|0.647150|0.642350|0.655150|0.642350|2026-08-18T14:57:09|2026-08-19T03:10:39|4.8000|0.0000|0.0000|0|TP|1.000000|84.65600000|14
649|XAU_USD~gold-impulse|SELL|1000|0.436890|0.434890|0.440890|0.434890|2026-08-18T15:03:08|2026-08-18T19:48:05|2.0000|0.0000|0.0000|0|TP|0.260000|28.77100000|15
650|GBP_JPY~gj-h20|SELL|1000|2.160190|2.160520|2.164190|2.156190|2026-08-18T20:00:01|2026-08-18T21:05:00|-0.3300|0.6700|0.0000|0|TIME|6.700000|9.60000000|20
651|BTC_USD~btc-echo|BUY|1000|0.643290|0.648090|0.635290|0.648090|2026-08-19T03:19:05|2026-08-19T12:42:42|4.8000|0.0000|0.0000|0|TP|1.000000|14.31500000|3
652|EUR_USD~echo|SELL|1000|1.159090|1.161090|1.161090|1.157890|2026-08-19T06:09:08|2026-08-19T10:19:45|-2.0000|0.0000|0.0000|0|SL|0.800000|5.90000000|6
653|SIBN~sibn-meanrev|SELL|1000|0.472600|0.465600|0.486600|0.465600|2026-08-19T09:12:18|2026-08-21T08:01:52|6.5274|0.0000|0.0000|0|TP|2.500000|84.50000000|9
654|EUR_USD~echo|SELL|1000|1.160980|1.162980|1.162980|1.159780|2026-08-19T10:39:13|2026-08-19T12:45:45|-2.0000|0.0000|0.0000|0|SL|0.800000|7.10000000|10
655|GBP_JPY~gj-meanrev|BUY|1000|2.154870|2.150870|2.150870|2.156070|2026-08-19T12:34:18|2026-08-19T12:39:08|-4.0000|0.0000|0.0000|0|SL|2.100000|22.60000000|12
656|GBP_JPY~gj-meanrev-ps|BUY|1000|2.154870|2.150870|2.150870|2.156070|2026-08-19T12:34:18|2026-08-19T12:39:08|-4.0000|0.0000|0.0000|0|SL|2.100000|22.60000000|12
657|EUR_USD~momentum|BUY|1000|1.161370|1.163370|1.159370|1.163370|2026-08-19T12:34:28|2026-08-19T12:49:10|2.0000|0.0000|0.0000|0|TP|0.800000|8.50000000|12
658|EUR_USD~impulse|BUY|1000|1.161780|1.162780|1.159780|1.162780|2026-08-19T12:35:18|2026-08-19T12:45:00|1.0000|0.0000|0.0000|0|TP|0.800000|15.30000000|12
659|EUR_USD~meanrev|SELL|1000|1.161880|1.163880|1.163880|1.160880|2026-08-19T12:36:14|2026-08-19T12:53:29|-2.0000|0.0000|0.0000|0|SL|0.800000|18.70000000|12
660|EUR_USD~meanrev-be|SELL|1000|1.161880|1.163880|1.163880|1.160880|2026-08-19T12:36:14|2026-08-19T12:53:29|-2.0000|0.0000|0.0000|0|SL|0.800000|18.70000000|12
661|EUR_USD~meanrev-ps|SELL|1000|1.161880|1.163880|1.163880|1.160880|2026-08-19T12:36:14|2026-08-19T12:53:29|-2.0000|0.0000|0.0000|0|SL|0.800000|18.70000000|12
662|EUR_USD~meanrev-hh|SELL|1000|1.161880|1.163880|1.163880|1.160880|2026-08-19T12:36:14|2026-08-19T12:53:29|-2.0000|0.0000|0.0000|0|SL|0.800000|18.70000000|12
663|AUD_JPY~aj-momentum|SELL|1000|1.123830|1.129830|1.129830|1.117830|2026-08-19T12:38:58|2026-08-20T13:31:15|-6.0000|0.0000|0.0000|0|SL|1.100000|19.80000000|12
664|XAU_USD~gold-impulse|BUY|1000|0.441440|0.443440|0.437440|0.443440|2026-08-19T12:39:07|2026-08-19T12:56:33|2.0000|0.0000|0.0000|0|TP|0.260000|49.06700000|12
665|BTC_USD~btc-meanrev|SELL|1000|0.648290|0.656290|0.656290|0.645890|2026-08-19T12:42:54|2026-08-19T14:54:00|-8.0000|0.0000|0.0000|0|SL|1.000000|40.02700000|12
667|EUR_USD~impulse|BUY|1000|1.163760|1.164760|1.161760|1.164760|2026-08-19T12:50:05|2026-08-19T13:12:36|1.0000|0.0000|0.0000|0|TP|0.800000|31.50000000|12
668|WTICO_USD~oil-impulse|SELL|1000|0.837550|0.849550|0.849550|0.831550|2026-08-19T12:52:06|2026-08-19T14:51:36|-12.0000|0.0000|0.0000|0|SL|2.000000|92.30000000|12
669|WTICO_USD~oil-impulse-hh|SELL|1000|0.837550|0.849550|0.849550|0.831550|2026-08-19T12:52:06|2026-08-19T14:51:36|-12.0000|0.0000|0.0000|0|SL|2.000000|92.30000000|12
670|GBP_JPY~gj-meanrev|SELL|1000|2.156160|2.154960|2.160160|2.154960|2026-08-19T12:59:50|2026-08-19T14:33:02|1.2000|0.0000|0.0000|0|TP|2.100000|82.70000000|12
671|GBP_JPY~gj-meanrev-ps|SELL|1000|2.156160|2.154960|2.160160|2.154960|2026-08-19T12:59:50|2026-08-19T14:33:02|1.2000|0.0000|0.0000|0|TP|2.100000|82.70000000|12
672|EUR_USD~meanrev|SELL|1000|1.164140|1.166140|1.166140|1.163140|2026-08-19T13:05:08|2026-08-19T14:10:41|-2.0000|0.0000|0.0000|0|SL|0.800000|39.70000000|13
673|EUR_USD~meanrev-be|SELL|1000|1.164140|1.166140|1.166140|1.163140|2026-08-19T13:05:08|2026-08-19T14:10:41|-2.0000|0.0000|0.0000|0|SL|0.800000|39.70000000|13
674|EUR_USD~meanrev-ps|SELL|1000|1.164140|1.166140|1.166140|1.163140|2026-08-19T13:05:08|2026-08-19T14:10:41|-2.0000|0.0000|0.0000|0|SL|0.800000|39.70000000|13
675|EUR_USD~meanrev-hh|SELL|1000|1.164140|1.166140|1.166140|1.163140|2026-08-19T13:05:08|2026-08-19T14:10:41|-2.0000|0.0000|0.0000|0|SL|0.800000|39.70000000|13
676|EUR_USD~echo|SELL|1000|1.164610|1.166610|1.166610|1.163410|2026-08-19T13:13:03|2026-08-19T14:13:03|-2.0000|0.0000|0.0000|0|SL|0.800000|42.80000000|13
677|XAU_USD~gold-impulse|BUY|1000|0.445580|0.447580|0.441580|0.447580|2026-08-19T13:13:18|2026-08-19T14:16:47|2.0000|0.0000|0.0000|0|TP|0.260000|44.97100000|13
678|AFKS~afks-matrend|SELL|1000|0.819600|0.831600|0.831600|0.813600|2026-08-19T13:16:11|2026-08-19T14:46:10|-12.8196|0.0000|0.0000|0|SL|3.000000|50.00000000|13
679|EUR_USD~impulse|BUY|1000|1.164710|1.165710|1.162710|1.165710|2026-08-19T13:22:08|2026-08-19T13:31:22|1.0000|0.0000|0.0000|0|TP|0.800000|15.30000000|13
680|EUR_USD~momentum|BUY|1000|1.165370|1.167370|1.163370|1.167370|2026-08-19T13:30:13|2026-08-19T14:32:37|2.0000|0.0000|0.0000|0|TP|0.800000|9.60000000|13
681|GBP_NZD~gn-echo|BUY|1000|2.298440|2.286440|2.286440|2.305640|2026-08-19T13:59:06|2026-08-20T03:06:23|-12.0000|0.0000|0.0000|0|SL|2.400000|31.10000000|13
682|EUR_USD~meanrev|SELL|1000|1.166750|1.165750|1.168750|1.165750|2026-08-19T14:13:26|2026-08-19T15:25:24|1.0000|0.0000|0.0000|0|TP|0.800000|22.60000000|14
683|EUR_USD~meanrev-be|SELL|1000|1.166750|1.165750|1.168750|1.165750|2026-08-19T14:13:26|2026-08-19T15:25:24|1.0000|0.0000|0.0000|0|TP|0.800000|22.60000000|14
684|EUR_USD~meanrev-ps|SELL|1000|1.166750|1.165750|1.168750|1.165750|2026-08-19T14:13:26|2026-08-19T15:25:24|1.0000|0.0000|0.0000|0|TP|0.800000|22.60000000|14
685|EUR_USD~meanrev-hh|SELL|1000|1.166750|1.165750|1.168750|1.165750|2026-08-19T14:13:26|2026-08-19T15:25:24|1.0000|0.0000|0.0000|0|TP|0.800000|22.60000000|14
687|GBP_JPY~gj-meanrev|BUY|1000|2.154370|2.155570|2.150370|2.155570|2026-08-19T14:33:08|2026-08-19T15:00:40|1.2000|0.0000|0.0000|0|TP|2.100000|31.10000000|14
688|GBP_JPY~gj-meanrev-ps|BUY|1000|2.154370|2.155570|2.150370|2.155570|2026-08-19T14:33:08|2026-08-19T15:00:40|1.2000|0.0000|0.0000|0|TP|2.100000|31.10000000|14
689|EUR_USD~impulse|BUY|1000|1.167420|1.168420|1.165420|1.168420|2026-08-19T14:33:14|2026-08-20T06:45:47|1.0000|0.0000|0.0000|0|TP|0.800000|20.50000000|14
690|EUR_USD~momentum|SELL|1000|1.166770|1.168770|1.168770|1.164770|2026-08-19T14:49:36|2026-08-20T06:47:08|-2.0000|0.0000|0.0000|0|SL|0.800000|9.10000000|14
691|BTC_USD~btc-echo|SELL|1000|0.655540|0.663540|0.663540|0.650740|2026-08-19T14:51:04|2026-08-19T15:05:50|-8.0000|0.0000|0.0000|0|SL|1.000000|62.00300000|14
692|WTICO_USD~oil-impulse|BUY|1000|0.848700|0.854700|0.836700|0.854700|2026-08-19T14:53:09|2026-08-19T17:01:10|6.0000|0.0000|0.0000|0|TP|2.000000|47.00000000|14
693|WTICO_USD~oil-impulse-hh|BUY|1000|0.848700|0.854700|0.836700|0.854700|2026-08-19T14:53:09|2026-08-19T17:01:10|6.0000|0.0000|0.0000|0|TP|2.000000|47.00000000|14
694|BTC_USD~btc-momentum|BUY|1000|0.658710|0.666710|0.650710|0.666710|2026-08-19T14:55:20|2026-08-19T15:14:12|8.0000|0.0000|0.0000|0|TP|1.000000|37.11100000|14
695|BTC_USD~btc-meanrev|SELL|1000|0.658810|0.666810|0.666810|0.656410|2026-08-19T14:56:22|2026-08-19T15:14:12|-8.0000|0.0000|0.0000|0|SL|1.000000|58.16500000|14
696|BTC_USD~btc-impulse|BUY|1000|0.658390|0.662390|0.650390|0.662390|2026-08-19T14:57:31|2026-08-19T15:05:40|4.0000|0.0000|0.0000|0|TP|1.000000|52.90900000|14
697|BTC_USD~btc-impulse|BUY|1000|0.664680|0.668680|0.656680|0.668680|2026-08-19T15:12:02|2026-08-19T15:22:51|4.0000|0.0000|0.0000|0|TP|1.000000|109.37900000|15
698|BTC_USD~btc-momentum|BUY|1000|0.667760|0.675760|0.659760|0.675760|2026-08-19T15:16:35|2026-08-19T15:27:26|8.0000|0.0000|0.0000|0|TP|1.000000|36.27700000|15
699|BTC_USD~btc-echo|SELL|1000|0.667740|0.675740|0.675740|0.662940|2026-08-19T15:21:05|2026-08-19T15:27:00|-8.0000|0.0000|0.0000|0|SL|1.000000|151.34700000|15
700|BTC_USD~btc-meanrev|SELL|1000|0.670870|0.678870|0.678870|0.668470|2026-08-19T15:25:26|2026-08-19T15:27:31|-8.0000|0.0000|0.0000|0|SL|1.000000|148.24500000|15
701|BTC_USD~btc-impulse|BUY|1000|0.675710|0.679710|0.667710|0.679710|2026-08-19T15:27:06|2026-08-19T15:27:36|4.0000|0.0000|0.0000|0|TP|1.000000|165.92100000|15
702|BTC_USD~btc-momentum|BUY|1000|0.687180|0.679180|0.679180|0.695180|2026-08-19T15:28:39|2026-08-19T15:30:32|-8.0000|0.0000|0.0000|0|SL|1.000000|271.55700000|15
703|BTC_USD~btc-momentum|SELL|1000|0.681160|0.689160|0.689160|0.673160|2026-08-19T15:33:49|2026-08-19T20:50:42|-8.0000|0.0000|0.0000|0|SL|1.000000|96.40000000|15
704|BTC_USD~btc-impulse|BUY|1000|0.686960|0.678960|0.678960|0.690960|2026-08-19T15:42:08|2026-08-19T17:25:45|-8.0000|0.0000|0.0000|0|SL|1.000000|310.09400000|15
705|BTC_USD~btc-echo|SELL|1000|0.685720|0.680920|0.693720|0.680920|2026-08-19T15:51:24|2026-08-19T17:18:24|4.8000|0.0000|0.0000|0|TP|1.000000|403.38000000|15
706|AFKS~afks-matrend|BUY|1000|0.827600|0.833600|0.815600|0.833600|2026-08-19T16:53:07|2026-08-20T06:56:03|5.1724|0.0000|0.0000|0|TP|1.000000|25.50000000|16
707|BTC_USD~btc-echo|SELL|1000|0.680430|0.688430|0.688430|0.675630|2026-08-19T17:22:01|2026-08-19T20:50:21|-8.0000|0.0000|0.0000|0|SL|1.000000|87.89600000|17
708|WTICO_USD~oil-impulse|SELL|1000|0.850890|0.844890|0.862890|0.844890|2026-08-19T17:34:15|2026-08-19T18:27:48|6.0000|0.0000|0.0000|0|TP|2.000000|61.80000000|17
709|WTICO_USD~oil-impulse-hh|SELL|1000|0.850890|0.844890|0.862890|0.844890|2026-08-19T17:34:15|2026-08-19T18:27:48|6.0000|0.0000|0.0000|0|TP|2.000000|61.80000000|17
710|BTC_USD~btc-matrend|BUY|1000|0.681260|0.691260|0.673260|0.691260|2026-08-19T17:46:01|2026-08-19T20:50:44|10.0000|0.0000|0.0000|0|TP|1.000000|85.39500000|17
711|WTICO_USD~oil-impulse|SELL|1000|0.840630|0.852630|0.852630|0.834630|2026-08-19T18:44:05|2026-08-20T07:22:13|-12.0000|0.0000|0.0000|0|SL|2.000000|71.40000000|18
712|WTICO_USD~oil-impulse-hh|SELL|1000|0.840630|0.852630|0.852630|0.834630|2026-08-19T18:44:05|2026-08-20T07:22:13|-12.0000|0.0000|0.0000|0|SL|2.000000|71.40000000|18
713|XAU_USD~gold-h20|BUY|1000|0.451124|0.452295|0.447120|0.455120|2026-08-19T20:00:03|2026-08-19T22:00:30|1.1706|0.0260|0.0000|0|TIME|0.260000|16.96500000|20
714|GBP_JPY~gj-h20|SELL|1000|2.151760|2.152320|2.155760|2.147760|2026-08-19T20:00:03|2026-08-19T21:10:00|-0.5600|0.6700|0.0000|0|TIME|6.700000|28.75000000|20
715|BTC_USD~btc-momentum|BUY|1000|0.691220|0.699220|0.683220|0.699220|2026-08-19T20:50:52|2026-08-19T21:47:19|8.0000|0.0000|0.0000|0|TP|1.000000|57.45600000|20
716|BTC_USD~btc-echo|SELL|1000|0.692410|0.700410|0.700410|0.687610|2026-08-19T20:51:05|2026-08-20T08:07:19|-8.0000|0.0000|0.0000|0|SL|1.000000|73.08500000|20
717|BTC_USD~btc-impulse|BUY|1000|0.697130|0.689130|0.689130|0.701130|2026-08-19T21:08:03|2026-08-20T03:11:18|-8.0000|0.0000|0.0000|0|SL|1.000000|114.57500000|21
718|SPX500_USD~sp-matrend|BUY|1000|0.772550|0.768550|0.768550|0.775550|2026-08-19T22:03:09|2026-08-20T12:04:16|-4.0000|0.0000|0.0000|0|SL|0.600000|3.76000000|22
719|BTC_USD~btc-momentum|SELL|1000|0.694810|0.702810|0.702810|0.686810|2026-08-19T22:05:29|2026-08-20T08:09:09|-8.0000|0.0000|0.0000|0|SL|1.000000|32.84200000|22
720|BTC_USD~btc-matrend|BUY|1000|0.693380|0.703380|0.685380|0.703380|2026-08-19T22:41:22|2026-08-20T08:09:20|10.0000|0.0000|0.0000|0|TP|1.000000|93.21000000|22
721|BTC_USD~btc-vprofile|BUY|1000|0.696500|0.690500|0.690500|0.706500|2026-08-20T00:24:05|2026-08-20T03:08:59|-6.0000|0.0000|0.0000|0|SL|1.000000|60.93400000|0
722|BTC_USD~btc-meanrev|SELL|1000|0.697860|0.695460|0.705860|0.695460|2026-08-20T01:48:29|2026-08-20T02:11:18|2.4000|0.0000|0.0000|0|TP|1.000000|52.45100000|1
723|BTC_USD~btc-meanrev-ps|SELL|1000|0.697860|0.695460|0.705860|0.695460|2026-08-20T01:48:29|2026-08-20T02:11:18|2.4000|0.0000|0.0000|0|TP|1.000000|52.45100000|1
724|GBP_JPY~gj-meanrev|SELL|1000|2.157020|2.155820|2.161020|2.155820|2026-08-20T01:49:22|2026-08-20T02:27:55|1.2000|0.0000|0.0000|0|TP|2.100000|25.55000000|1
725|GBP_JPY~gj-meanrev-ps|SELL|1000|2.157020|2.155820|2.161020|2.155820|2026-08-20T01:49:22|2026-08-20T02:27:55|1.2000|0.0000|0.0000|0|TP|2.100000|25.55000000|1
726|GBP_JPY~gj-vprofile|BUY|1000|2.156570|2.159570|2.151570|2.159570|2026-08-20T01:52:11|2026-08-20T08:19:38|3.0000|0.0000|0.0000|0|TP|2.200000|32.70000000|1
727|BTC_USD~btc-meanrev|BUY|1000|0.688700|0.691100|0.680700|0.691100|2026-08-20T03:11:30|2026-08-20T03:20:17|2.4000|0.0000|0.0000|0|TP|1.000000|45.02200000|3
728|JP225_JPY~jp-vprofile|SELL|1000|0.658310|0.673310|0.673310|0.643310|2026-08-20T03:44:11|2026-08-26T22:33:14|-15.0000|0.0000|0.0000|0|SL|0.310000|30.99000000|3
729|GBP_NZD~gn-echo|BUY|1000|2.285710|2.292910|2.273710|2.292910|2026-08-20T04:12:06|2026-08-20T12:06:45|7.2000|0.0000|0.0000|0|TP|2.400000|19.00000000|4
730|BTC_USD~btc-impulse|BUY|1000|0.698200|0.702200|0.690200|0.702200|2026-08-20T06:46:07|2026-08-20T08:07:50|4.0000|0.0000|0.0000|0|TP|1.000000|53.46600000|6
731|GBP_JPY~gj-meanrev|SELL|1000|2.158330|2.162330|2.162330|2.157130|2026-08-20T07:30:37|2026-08-20T10:57:52|-4.0000|0.0000|0.0000|0|SL|2.100000|26.40000000|7
732|GBP_JPY~gj-meanrev-ps|SELL|1000|2.158330|2.162330|2.162330|2.157130|2026-08-20T07:30:37|2026-08-20T10:57:52|-4.0000|0.0000|0.0000|0|SL|2.100000|26.40000000|7
733|WTICO_USD~oil-impulse|BUY|1000|0.853190|0.859190|0.841190|0.859190|2026-08-20T07:35:40|2026-08-20T08:29:16|6.0000|0.0000|0.0000|0|TP|2.000000|74.70000000|7
734|WTICO_USD~oil-impulse-hh|BUY|1000|0.853190|0.859190|0.841190|0.859190|2026-08-20T07:35:40|2026-08-20T08:29:16|6.0000|0.0000|0.0000|0|TP|2.000000|74.70000000|7
735|EUR_USD~echo|SELL|1000|1.168810|1.170810|1.170810|1.167610|2026-08-20T07:41:10|2026-08-20T09:21:53|-2.0000|0.0000|0.0000|0|SL|0.800000|9.80000000|7
736|EUR_USD~impulse|BUY|1000|1.168930|1.169930|1.166930|1.169930|2026-08-20T07:56:03|2026-08-20T08:42:24|1.0000|0.0000|0.0000|0|TP|0.800000|14.90000000|7
737|BTC_USD~btc-meanrev|SELL|1000|0.700140|0.708140|0.708140|0.697740|2026-08-20T08:07:16|2026-08-20T08:10:50|-8.0000|0.0000|0.0000|0|SL|1.000000|51.45200000|8
738|BTC_USD~btc-impulse|BUY|1000|0.702660|0.706660|0.694660|0.706660|2026-08-20T08:08:04|2026-08-20T08:09:23|4.0000|0.0000|0.0000|0|TP|1.000000|76.14900000|8
739|BTC_USD~btc-momentum|BUY|1000|0.710170|0.718170|0.702170|0.718170|2026-08-20T08:12:25|2026-08-20T09:09:50|8.0000|0.0000|0.0000|0|TP|1.000000|101.68200000|8
740|BTC_USD~btc-meanrev|SELL|1000|0.711330|0.719330|0.719330|0.708930|2026-08-20T08:22:39|2026-08-20T09:19:26|-8.0000|0.0000|0.0000|0|SL|1.000000|187.78800000|8
741|BTC_USD~btc-impulse|BUY|1000|0.711130|0.715130|0.703130|0.715130|2026-08-20T08:23:07|2026-08-20T08:39:21|4.0000|0.0000|0.0000|0|TP|1.000000|183.77900000|8
742|BTC_USD~btc-echo|SELL|1000|0.711340|0.719340|0.719340|0.706540|2026-08-20T08:25:08|2026-08-20T09:19:26|-8.0000|0.0000|0.0000|0|SL|1.000000|201.58600000|8
743|BTC_USD~btc-echo|SELL|1000|0.719410|0.714610|0.727410|0.714610|2026-08-20T09:25:43|2026-08-20T13:32:01|4.8000|0.0000|0.0000|0|TP|1.000000|85.45400000|9
744|AFKS~afks-matrend|BUY|1000|0.833500|0.821500|0.821500|0.839500|2026-08-20T09:34:13|2026-08-20T10:02:21|-12.8335|0.0000|0.0000|0|SL|2.000000|130.50000000|9
745|EUR_USD~echo|SELL|1000|1.170230|1.169030|1.172230|1.169030|2026-08-20T09:41:47|2026-08-20T11:18:14|1.2000|0.0000|0.0000|0|TP|0.800000|14.50000000|9
746|WTICO_USD~oil-impulse|BUY|1000|0.864400|0.870400|0.852400|0.870400|2026-08-20T09:54:12|2026-08-20T12:11:09|6.0000|0.0000|0.0000|0|TP|2.000000|43.70000000|9
747|WTICO_USD~oil-impulse-hh|BUY|1000|0.864400|0.870400|0.852400|0.870400|2026-08-20T09:54:12|2026-08-20T12:11:09|6.0000|0.0000|0.0000|0|TP|2.000000|43.70000000|9
748|BTC_USD~btc-meanrev|SELL|1000|0.721470|0.719070|0.729470|0.719070|2026-08-20T10:15:09|2026-08-20T10:30:36|2.4000|0.0000|0.0000|0|TP|1.000000|52.12800000|10
749|BTC_USD~btc-momentum|BUY|1000|0.721370|0.713370|0.713370|0.729370|2026-08-20T10:15:14|2026-08-20T13:36:52|-8.0000|0.0000|0.0000|0|SL|1.000000|41.44300000|10
750|BTC_USD~btc-meanrev|SELL|1000|0.722330|0.719930|0.730330|0.719930|2026-08-20T11:35:15|2026-08-20T11:53:45|2.4000|0.0000|0.0000|0|TP|1.000000|42.23200000|11
751|EUR_USD~impulse|SELL|1000|1.168470|1.167470|1.170470|1.167470|2026-08-20T11:54:51|2026-08-20T14:07:30|1.0000|0.0000|0.0000|0|TP|0.800000|12.50000000|11
752|BTC_USD~btc-meanrev|BUY|1000|0.717300|0.719700|0.709300|0.719700|2026-08-20T12:04:25|2026-08-20T13:04:12|2.4000|0.0000|0.0000|0|TP|1.000000|53.24700000|12
753|BTC_USD~btc-impulse|SELL|1000|0.715930|0.711930|0.723930|0.711930|2026-08-20T12:07:04|2026-08-20T13:36:57|4.0000|0.0000|0.0000|0|TP|1.000000|63.97000000|12
754|WTICO_USD~oil-impulse|BUY|1000|0.873320|0.861320|0.861320|0.879320|2026-08-20T12:21:48|2026-08-20T13:21:18|-12.0000|0.0000|0.0000|0|SL|2.000000|52.10000000|12
755|WTICO_USD~oil-impulse-hh|BUY|1000|0.873320|0.861320|0.861320|0.879320|2026-08-20T12:21:48|2026-08-20T13:21:18|-12.0000|0.0000|0.0000|0|SL|2.000000|52.10000000|12
756|BTC_USD~btc-matrend|BUY|1000|0.718500|0.728500|0.710500|0.728500|2026-08-20T12:31:54|2026-08-20T17:02:56|10.0000|0.0000|0.0000|0|TP|1.000000|67.59600000|12
757|XAU_USD~gold-impulse|BUY|1000|0.448210|0.450210|0.444210|0.450210|2026-08-20T13:03:11|2026-08-20T14:45:59|2.0000|0.0000|0.0000|0|TP|0.260000|30.04000000|13
758|BTC_USD~btc-meanrev|BUY|1000|0.715830|0.718230|0.707830|0.718230|2026-08-20T13:31:25|2026-08-20T14:10:04|2.4000|0.0000|0.0000|0|TP|1.000000|44.02000000|13
759|BTC_USD~btc-momentum|SELL|1000|0.711850|0.719850|0.719850|0.703850|2026-08-20T13:37:13|2026-08-20T15:02:17|-8.0000|0.0000|0.0000|0|SL|1.000000|48.05300000|13
760|BTC_USD~btc-impulse|SELL|1000|0.711850|0.719850|0.719850|0.707850|2026-08-20T13:37:13|2026-08-20T15:02:17|-8.0000|0.0000|0.0000|0|SL|1.000000|82.85500000|13
761|BTC_USD~btc-echo|SELL|1000|0.716990|0.724990|0.724990|0.712190|2026-08-20T13:55:07|2026-08-20T15:04:14|-8.0000|0.0000|0.0000|0|SL|1.000000|82.85500000|13
762|WTICO_USD~oil-impulse|SELL|1000|0.855050|0.867050|0.867050|0.849050|2026-08-20T14:24:02|2026-08-21T10:07:10|-12.0000|0.0000|0.0000|0|SL|2.000000|96.30000000|14
763|WTICO_USD~oil-impulse-hh|SELL|1000|0.855050|0.867050|0.867050|0.849050|2026-08-20T14:24:02|2026-08-21T10:07:10|-12.0000|0.0000|0.0000|0|SL|2.000000|96.30000000|14
764|BTC_USD~btc-meanrev|SELL|1000|0.718920|0.726920|0.726920|0.716520|2026-08-20T15:01:17|2026-08-20T15:32:16|-8.0000|0.0000|0.0000|0|SL|1.000000|49.18800000|15
765|EUR_USD~momentum|BUY|1000|1.169040|1.167040|1.167040|1.171040|2026-08-20T15:02:40|2026-08-20T16:32:50|-2.0000|0.0000|0.0000|0|SL|0.800000|10.90000000|15
766|EUR_USD~meanrev|SELL|1000|1.169370|1.168370|1.171370|1.168370|2026-08-20T15:03:58|2026-08-20T15:07:10|1.0000|0.0000|0.0000|0|TP|0.800000|22.10000000|15
767|EUR_USD~meanrev-be|SELL|1000|1.169370|1.168370|1.171370|1.168370|2026-08-20T15:03:58|2026-08-20T15:07:10|1.0000|0.0000|0.0000|0|TP|0.800000|22.10000000|15
768|EUR_USD~meanrev-ps|SELL|1000|1.169370|1.168370|1.171370|1.168370|2026-08-20T15:03:58|2026-08-20T15:07:10|1.0000|0.0000|0.0000|0|TP|0.800000|22.10000000|15
769|EUR_USD~meanrev-hh|SELL|1000|1.169370|1.168370|1.171370|1.168370|2026-08-20T15:03:58|2026-08-20T15:07:10|1.0000|0.0000|0.0000|0|TP|0.800000|22.10000000|15
770|XAU_USD~gold-impulse|BUY|1000|0.453370|0.455370|0.449370|0.455370|2026-08-20T15:04:04|2026-08-21T05:58:11|2.0000|0.0000|0.0000|0|TP|0.260000|41.73600000|15
771|BTC_USD~btc-impulse|BUY|1000|0.722990|0.726990|0.714990|0.726990|2026-08-20T15:04:34|2026-08-20T15:32:21|4.0000|0.0000|0.0000|0|TP|1.000000|90.73200000|15
772|SPX500_USD~sp-matrend|SELL|1000|0.769340|0.766340|0.773340|0.766340|2026-08-20T15:09:04|2026-08-20T18:10:11|3.0000|0.0000|0.0000|0|TP|0.400000|25.99000000|15
773|BTC_USD~btc-momentum|SELL|1000|0.720060|0.728060|0.728060|0.712060|2026-08-20T15:09:05|2026-08-20T16:59:31|-8.0000|0.0000|0.0000|0|SL|1.000000|57.25900000|15
774|BTC_USD~btc-echo|SELL|1000|0.720440|0.728440|0.728440|0.715640|2026-08-20T15:25:05|2026-08-20T17:02:23|-8.0000|0.0000|0.0000|0|SL|1.000000|91.93100000|15
775|BTC_USD~btc-impulse|BUY|1000|0.724690|0.728690|0.716690|0.728690|2026-08-20T15:54:09|2026-08-20T17:52:47|4.0000|0.0000|0.0000|0|TP|1.000000|67.81900000|15
776|BTC_USD~btc-meanrev|SELL|1000|0.726740|0.724340|0.734740|0.724340|2026-08-20T16:46:17|2026-08-20T18:34:28|2.4000|0.0000|0.0000|0|TP|1.000000|49.87700000|16
779|BTC_USD~btc-matrend|BUY|1000|0.725930|0.735930|0.717930|0.735930|2026-08-20T18:53:06|2026-08-21T00:18:27|10.0000|0.0000|0.0000|0|TP|1.000000|52.60600000|18
780|XAU_USD~gold-h20|BUY|1000|0.452898|0.451896|0.448900|0.456900|2026-08-20T20:00:03|2026-08-20T22:00:30|-1.0020|0.0260|0.0000|0|TIME|0.260000|10.93500000|20
781|GBP_JPY~gj-h20|SELL|1000|2.168420|2.168570|2.172420|2.164420|2026-08-20T20:00:11|2026-08-20T21:04:23|-0.1500|0.6700|0.0000|0|TIME|6.700000|5.70000000|20
782|BTC_USD~btc-meanrev|SELL|1000|0.732140|0.740140|0.740140|0.729740|2026-08-20T23:26:20|2026-08-21T01:16:52|-8.0000|0.0000|0.0000|0|SL|1.000000|56.57100000|23
783|BTC_USD~btc-impulse|BUY|1000|0.732910|0.736910|0.724910|0.736910|2026-08-20T23:29:14|2026-08-21T00:18:37|4.0000|0.0000|0.0000|0|TP|1.000000|66.87300000|23
784|BTC_USD~btc-momentum|BUY|1000|0.737630|0.745630|0.729630|0.745630|2026-08-21T00:18:47|2026-08-21T01:18:14|8.0000|0.0000|0.0000|0|TP|1.000000|51.27400000|0
785|BTC_USD~btc-impulse|BUY|1000|0.737890|0.741890|0.729890|0.741890|2026-08-21T00:25:09|2026-08-21T01:17:54|4.0000|0.0000|0.0000|0|TP|1.000000|79.80000000|0
786|BTC_USD~btc-echo|SELL|1000|0.737990|0.745990|0.745990|0.733190|2026-08-21T00:25:13|2026-08-21T01:18:14|-8.0000|0.0000|0.0000|0|SL|1.000000|81.20100000|0
787|BTC_USD~btc-meanrev-ps|SELL|1000|0.737850|0.735450|0.745850|0.735450|2026-08-21T00:31:28|2026-08-21T00:37:27|2.4000|0.0000|0.0000|0|TP|1.000000|80.44200000|0
788|BTC_USD~btc-meanrev|SELL|1000|0.741640|0.749640|0.749640|0.739240|2026-08-21T01:17:54|2026-08-21T01:47:26|-8.0000|0.0000|0.0000|0|SL|1.000000|58.33000000|1
789|BTC_USD~btc-impulse|BUY|1000|0.745540|0.749540|0.737540|0.749540|2026-08-21T01:19:25|2026-08-21T01:47:26|4.0000|0.0000|0.0000|0|TP|1.000000|98.49400000|1
790|GBP_JPY~gj-vprofile|BUY|1000|2.169130|2.164130|2.164130|2.172130|2026-08-21T01:22:40|2026-08-23T21:27:03|-5.0000|0.0000|0.0000|0|SL|2.100000|16.10000000|1
791|BTC_USD~btc-momentum|SELL|1000|0.743070|0.751070|0.751070|0.735070|2026-08-21T01:23:16|2026-08-21T01:47:31|-8.0000|0.0000|0.0000|0|SL|1.000000|56.29600000|1
792|BTC_USD~btc-echo|SELL|1000|0.744740|0.752740|0.752740|0.739940|2026-08-21T01:25:07|2026-08-21T01:47:31|-8.0000|0.0000|0.0000|0|SL|1.000000|109.11900000|1
793|BTC_USD~btc-meanrev|SELL|1000|0.749690|0.747290|0.757690|0.747290|2026-08-21T01:47:31|2026-08-21T02:12:59|2.4000|0.0000|0.0000|0|TP|1.000000|88.39100000|1
794|BTC_USD~btc-impulse|BUY|1000|0.755230|0.747230|0.747230|0.759230|2026-08-21T01:50:09|2026-08-21T02:12:53|-8.0000|0.0000|0.0000|0|SL|1.000000|126.74100000|1
795|BTC_USD~btc-momentum|BUY|1000|0.755120|0.747120|0.747120|0.763120|2026-08-21T01:52:20|2026-08-21T02:12:59|-8.0000|0.0000|0.0000|0|SL|1.000000|86.83600000|1
796|BTC_USD~btc-echo|SELL|1000|0.753530|0.748730|0.761530|0.748730|2026-08-21T01:55:05|2026-08-21T02:02:42|4.8000|0.0000|0.0000|0|TP|1.000000|195.88500000|1
798|BTC_USD~btc-impulse|SELL|1000|0.747520|0.743520|0.755520|0.743520|2026-08-21T02:18:33|2026-08-21T03:04:07|4.0000|0.0000|0.0000|0|TP|1.000000|86.58700000|2
799|BTC_USD~btc-echo|SELL|1000|0.746700|0.754700|0.754700|0.741900|2026-08-21T02:25:07|2026-08-21T06:07:15|-8.0000|0.0000|0.0000|0|SL|1.000000|108.79000000|2
800|BTC_USD~btc-momentum|SELL|1000|0.745850|0.753850|0.753850|0.737850|2026-08-21T02:33:38|2026-08-21T05:18:16|-8.0000|0.0000|0.0000|0|SL|1.000000|46.07900000|2
801|BTC_USD~btc-meanrev|BUY|1000|0.743980|0.746380|0.735980|0.746380|2026-08-21T02:51:17|2026-08-21T03:44:39|2.4000|0.0000|0.0000|0|TP|1.000000|63.78500000|2
802|EUR_USD~echo|SELL|1000|1.170080|1.168880|1.172080|1.168880|2026-08-21T02:52:10|2026-08-21T07:46:09|1.2000|0.0000|0.0000|0|TP|0.800000|12.00000000|2
803|BTC_USD~btc-matrend|BUY|1000|0.744730|0.754730|0.736730|0.754730|2026-08-21T03:22:10|2026-08-21T06:07:36|10.0000|0.0000|0.0000|0|TP|1.000000|72.60100000|3
804|BTC_USD~btc-meanrev|SELL|1000|0.754020|0.751620|0.762020|0.751620|2026-08-21T05:18:22|2026-08-21T05:26:52|2.4000|0.0000|0.0000|0|TP|1.000000|51.82500000|5
805|BTC_USD~btc-momentum|SELL|1000|0.750760|0.758760|0.758760|0.742760|2026-08-21T05:27:47|2026-08-21T07:10:16|-8.0000|0.0000|0.0000|0|SL|1.000000|36.52500000|5
806|BTC_USD~btc-echo|SELL|1000|0.752000|0.760000|0.760000|0.747200|2026-08-21T06:25:20|2026-08-21T07:15:22|-8.0000|0.0000|0.0000|0|SL|1.000000|38.59300000|6
807|BTC_USD~btc-meanrev|SELL|1000|0.758960|0.766960|0.766960|0.756560|2026-08-21T07:10:22|2026-08-21T07:16:33|-8.0000|0.0000|0.0000|0|SL|1.000000|63.44600000|7
808|AFKS~afks-matrend|SELL|1000|0.802500|0.796500|0.814500|0.796500|2026-08-21T07:12:56|2026-08-21T07:23:29|5.1975|0.0000|0.0000|0|TP|3.000000|43.00000000|7
809|BTC_USD~btc-impulse|BUY|1000|0.758890|0.762890|0.750890|0.762890|2026-08-21T07:13:07|2026-08-21T07:15:27|4.0000|0.0000|0.0000|0|TP|1.000000|69.52100000|7
810|BTC_USD~btc-meanrev|SELL|1000|0.763200|0.771200|0.771200|0.760800|2026-08-21T07:25:28|2026-08-21T08:14:02|-8.0000|0.0000|0.0000|0|SL|1.000000|134.17800000|7
811|BTC_USD~btc-impulse|BUY|1000|0.762310|0.766310|0.754310|0.766310|2026-08-21T07:28:11|2026-08-21T07:43:01|4.0000|0.0000|0.0000|0|TP|1.000000|102.94900000|7
812|BTC_USD~btc-impulse|BUY|1000|0.766450|0.770450|0.758450|0.770450|2026-08-21T07:44:06|2026-08-21T08:14:02|4.0000|0.0000|0.0000|0|TP|1.000000|80.45700000|7
813|GBP_JPY~gj-meanrev|BUY|1000|2.166540|2.167740|2.162540|2.167740|2026-08-21T07:46:31|2026-08-21T12:20:06|1.2000|0.0000|0.0000|0|TP|2.100000|24.90000000|7
814|GBP_JPY~gj-meanrev-ps|BUY|1000|2.166540|2.167740|2.162540|2.167740|2026-08-21T07:46:31|2026-08-21T12:20:06|1.2000|0.0000|0.0000|0|TP|2.100000|24.90000000|7
815|BTC_USD~btc-impulse|BUY|1000|0.776360|0.780360|0.768360|0.780360|2026-08-21T08:43:36|2026-08-21T08:47:10|4.0000|0.0000|0.0000|0|TP|1.000000|76.09200000|8
816|EUR_USD~echo|SELL|1000|1.170420|1.169220|1.172420|1.169220|2026-08-21T08:45:15|2026-08-21T12:35:20|1.2000|0.0000|0.0000|0|TP|0.800000|12.10000000|8
817|BTC_USD~btc-impulse|BUY|1000|0.787520|0.791520|0.779520|0.791520|2026-08-21T08:57:06|2026-08-21T08:58:29|4.0000|0.0000|0.0000|0|TP|1.000000|171.33000000|8
818|AFKS~afks-matrend|SELL|1000|0.806900|0.800900|0.818900|0.800900|2026-08-21T10:12:09|2026-08-21T10:32:54|5.1931|0.0000|0.0000|0|TP|1.000000|67.00000000|10
819|WTICO_USD~oil-impulse|BUY|1000|0.868770|0.856770|0.856770|0.874770|2026-08-21T10:17:10|2026-08-23T23:53:24|-12.0000|0.0000|0.0000|0|SL|2.000000|109.20000000|10
820|WTICO_USD~oil-impulse-hh|BUY|1000|0.868770|0.856770|0.856770|0.874770|2026-08-21T10:17:10|2026-08-23T23:53:24|-12.0000|0.0000|0.0000|0|SL|2.000000|109.20000000|10
822|BTC_USD~btc-impulse|SELL|1000|0.768660|0.764660|0.776660|0.764660|2026-08-21T11:33:16|2026-08-21T11:34:45|4.0000|0.0000|0.0000|0|TP|1.000000|100.89500000|11
823|EUR_USD~momentum|SELL|1000|1.169770|1.167770|1.171770|1.167770|2026-08-21T11:33:57|2026-08-21T14:07:46|2.0000|0.0000|0.0000|0|TP|0.800000|11.70000000|11
824|BTC_USD~btc-matrend|BUY|1000|0.769990|0.779990|0.761990|0.779990|2026-08-21T11:39:06|2026-08-21T21:24:20|10.0000|0.0000|0.0000|0|TP|1.000000|150.67500000|11
826|BTC_USD~btc-impulse|SELL|1000|0.766300|0.774300|0.774300|0.762300|2026-08-21T11:48:24|2026-08-21T12:45:12|-8.0000|0.0000|0.0000|0|SL|1.000000|118.32200000|11
827|EUR_USD~impulse|SELL|1000|1.168900|1.167900|1.170900|1.167900|2026-08-21T12:38:09|2026-08-21T14:01:48|1.0000|0.0000|0.0000|0|TP|0.800000|14.30000000|12
829|AFKS~afks-matrend|SELL|1000|0.801700|0.813700|0.813700|0.795700|2026-08-21T13:36:08|2026-08-21T17:44:41|-12.8017|0.0000|0.0000|0|SL|4.000000|98.00000000|13
830|BTC_USD~btc-impulse|SELL|1000|0.762140|0.770140|0.770140|0.758140|2026-08-21T13:36:10|2026-08-21T13:40:26|-8.0000|0.0000|0.0000|0|SL|1.000000|106.81800000|13
831|BTC_USD~btc-impulse|BUY|1000|0.776280|0.768280|0.768280|0.780280|2026-08-21T13:51:15|2026-08-21T14:02:16|-8.0000|0.0000|0.0000|0|SL|1.000000|137.51900000|13
832|BTC_USD~btc-impulse|SELL|1000|0.766570|0.774570|0.774570|0.762570|2026-08-21T14:21:29|2026-08-21T15:02:38|-8.0000|0.0000|0.0000|0|SL|1.000000|105.93000000|14
833|EUR_USD~echo|BUY|1000|1.166940|1.168140|1.164940|1.168140|2026-08-21T14:41:13|2026-08-21T15:53:02|1.2000|0.0000|0.0000|0|TP|0.800000|14.80000000|14
835|BTC_USD~btc-impulse|BUY|1000|0.776020|0.768020|0.768020|0.780020|2026-08-21T15:07:06|2026-08-21T16:15:02|-8.0000|0.0000|0.0000|0|SL|1.000000|79.83100000|15
838|BTC_USD~btc-impulse|SELL|1000|0.767300|0.775300|0.775300|0.763300|2026-08-21T18:46:02|2026-08-21T21:10:36|-8.0000|0.0000|0.0000|0|SL|1.000000|73.23100000|18
840|GBP_JPY~gj-h20|SELL|1000|2.169440|2.167780|2.173440|2.165440|2026-08-21T20:00:00|2026-08-23T21:09:35|1.6600|0.6700|0.0000|0|TIME|6.700000|14.25000000|20
841|XAU_USD~gold-h20|BUY|1000|0.461729|0.461566|0.457730|0.465730|2026-08-21T20:00:00|2026-08-23T22:01:30|-0.1633|0.0260|0.0000|0|TIME|0.260000|7.59500000|20
842|EUR_USD~echo|BUY|1000|1.167530|1.165530|1.165530|1.168730|2026-08-21T20:30:14|2026-08-24T17:47:41|-2.0000|0.0000|0.0000|0|SL|0.800000|5.40000000|20
843|BTC_USD~btc-impulse|BUY|1000|0.781370|0.785370|0.773370|0.785370|2026-08-21T21:29:09|2026-08-21T21:52:54|4.0000|0.0000|0.0000|0|TP|1.000000|75.47300000|21
845|BTC_USD~btc-impulse|BUY|1000|0.786160|0.778160|0.778160|0.790160|2026-08-21T23:21:01|2026-08-22T00:06:46|-8.0000|0.0000|0.0000|0|SL|1.000000|39.28500000|23
846|BTC_USD~btc-matrend|BUY|1000|0.783790|0.775790|0.775790|0.793790|2026-08-21T23:45:10|2026-08-22T05:10:26|-8.0000|0.0000|0.0000|0|SL|1.000000|54.78700000|23
847|BTC_USD~btc-meanrev|BUY|1000|0.779310|0.781710|0.771310|0.781710|2026-08-22T00:06:07|2026-08-22T01:10:53|2.4000|0.0000|0.0000|0|TP|1.000000|57.05600000|0
848|BTC_USD~btc-meanrev-ps|BUY|1000|0.779310|0.781710|0.771310|0.781710|2026-08-22T00:06:07|2026-08-22T01:10:53|2.4000|0.0000|0.0000|0|TP|1.000000|57.05600000|0
850|BTC_USD~btc-echo|BUY|1000|0.779090|0.783890|0.771090|0.783890|2026-08-22T00:30:02|2026-08-22T02:28:53|4.8000|0.0000|0.0000|0|TP|1.000000|65.02700000|0
851|BTC_USD~btc-impulse|SELL|1000|0.780410|0.776410|0.788410|0.776410|2026-08-22T00:34:09|2026-08-22T05:10:24|4.0000|0.0000|0.0000|0|TP|1.000000|37.37500000|0
852|BTC_USD~btc-meanrev|SELL|1000|0.783930|0.781530|0.791930|0.781530|2026-08-22T02:28:53|2026-08-22T02:35:24|2.4000|0.0000|0.0000|0|TP|1.000000|61.33300000|2
853|BTC_USD~btc-echo|SELL|1000|0.787820|0.783020|0.795820|0.783020|2026-08-22T03:31:02|2026-08-22T04:02:24|4.8000|0.0000|0.0000|0|TP|1.000000|54.62700000|3
855|BTC_USD~btc-vprofile|BUY|1000|0.786710|0.780710|0.780710|0.796710|2026-08-22T03:33:07|2026-08-22T05:09:12|-6.0000|0.0000|0.0000|0|SL|1.000000|54.62700000|3
856|BTC_USD~btc-meanrev|BUY|1000|0.782530|0.784930|0.774530|0.784930|2026-08-22T04:03:02|2026-08-22T04:23:19|2.4000|0.0000|0.0000|0|TP|1.000000|49.34100000|4
857|BTC_USD~btc-echo|SELL|1000|0.787660|0.782860|0.795660|0.782860|2026-08-22T04:42:05|2026-08-22T05:07:41|4.8000|0.0000|0.0000|0|TP|1.000000|54.99200000|4
858|BTC_USD~btc-meanrev|BUY|1000|0.782280|0.774280|0.774280|0.784680|2026-08-22T05:08:06|2026-08-22T05:10:36|-8.0000|0.0000|0.0000|0|SL|1.000000|56.33400000|5
859|BTC_USD~btc-momentum|SELL|1000|0.781980|0.773980|0.789980|0.773980|2026-08-22T05:08:11|2026-08-22T05:10:36|8.0000|0.0000|0.0000|0|TP|1.000000|37.60600000|5
861|BTC_USD~btc-momentum|SELL|1000|0.773960|0.765960|0.781960|0.765960|2026-08-22T05:15:17|2026-08-22T10:22:45|8.0000|0.0000|0.0000|0|TP|1.000000|113.64200000|5
862|BTC_USD~btc-meanrev|BUY|1000|0.768960|0.771360|0.760960|0.771360|2026-08-22T05:23:06|2026-08-22T05:25:19|2.4000|0.0000|0.0000|0|TP|1.000000|201.11900000|5
863|BTC_USD~btc-impulse|SELL|1000|0.770670|0.766670|0.778670|0.766670|2026-08-22T05:25:06|2026-08-22T10:19:55|4.0000|0.0000|0.0000|0|TP|1.000000|187.90000000|5
864|BTC_USD~btc-vprofile|SELL|1000|0.773280|0.763280|0.779280|0.763280|2026-08-22T05:35:05|2026-08-23T05:22:26|10.0000|0.0000|0.0000|0|TP|1.000000|209.81100000|5
866|BTC_USD~btc-echo|BUY|1000|0.770860|0.775660|0.762860|0.775660|2026-08-22T05:42:05|2026-08-22T07:02:43|4.8000|0.0000|0.0000|0|TP|1.000000|209.81100000|5
868|BTC_USD~btc-matrend|SELL|1000|0.773850|0.763850|0.781850|0.763850|2026-08-22T07:10:14|2026-08-23T05:22:26|10.0000|0.0000|0.0000|0|TP|1.000000|56.01000000|7
869|BTC_USD~btc-echo|BUY|1000|0.773250|0.765250|0.765250|0.778050|2026-08-22T07:12:33|2026-08-22T10:23:17|-8.0000|0.0000|0.0000|0|SL|1.000000|56.01000000|7
870|BTC_USD~btc-meanrev|BUY|1000|0.768580|0.770980|0.760580|0.770980|2026-08-22T09:47:41|2026-08-22T10:39:17|2.4000|0.0000|0.0000|0|TP|1.000000|49.24800000|9
871|BTC_USD~btc-momentum|BUY|1000|0.769320|0.761320|0.761320|0.777320|2026-08-22T10:29:57|2026-08-23T05:23:36|-8.0000|0.0000|0.0000|0|SL|1.000000|36.46900000|10
872|BTC_USD~btc-meanrev|SELL|1000|0.771430|0.769030|0.779430|0.769030|2026-08-22T10:41:03|2026-08-22T10:56:44|2.4000|0.0000|0.0000|0|TP|1.000000|61.96600000|10
873|BTC_USD~btc-echo|BUY|1000|0.771490|0.763490|0.763490|0.776290|2026-08-22T10:42:04|2026-08-23T05:22:26|-8.0000|0.0000|0.0000|0|SL|1.000000|58.71100000|10
875|BTC_USD~btc-meanrev|BUY|1000|0.761460|0.763860|0.753460|0.763860|2026-08-23T05:22:37|2026-08-23T08:37:35|2.4000|0.0000|0.0000|0|TP|1.000000|56.54300000|5
876|BTC_USD~btc-meanrev-ps|BUY|1000|0.761460|0.763860|0.753460|0.763860|2026-08-23T05:22:37|2026-08-23T08:37:35|2.4000|0.0000|0.0000|0|TP|1.000000|56.54300000|5
877|BTC_USD~btc-echo|BUY|1000|0.761510|0.766310|0.753510|0.766310|2026-08-23T05:23:11|2026-08-23T10:05:33|4.8000|0.0000|0.0000|0|TP|1.000000|79.56700000|5
878|BTC_USD~btc-echo|BUY|1000|0.767580|0.772380|0.759580|0.772380|2026-08-23T10:29:07|2026-08-23T11:24:22|4.8000|0.0000|0.0000|0|TP|1.000000|37.39900000|10
879|BTC_USD~btc-meanrev|SELL|1000|0.771320|0.768920|0.779320|0.768920|2026-08-23T11:20:20|2026-08-23T14:43:00|2.4000|0.0000|0.0000|0|TP|1.000000|40.91800000|11
880|BTC_USD~btc-momentum|BUY|1000|0.771770|0.779770|0.763770|0.779770|2026-08-23T11:21:04|2026-08-23T21:20:24|8.0000|0.0000|0.0000|0|TP|1.000000|39.40500000|11
881|BTC_USD~btc-echo|SELL|1000|0.776180|0.771380|0.784180|0.771380|2026-08-23T13:20:04|2026-08-23T14:42:34|4.8000|0.0000|0.0000|0|TP|1.000000|65.25200000|13
882|BTC_USD~btc-matrend|BUY|1000|0.772940|0.782940|0.764940|0.782940|2026-08-23T15:06:00|2026-08-24T11:36:09|10.0000|0.0000|0.0000|0|TP|1.000000|66.74100000|15
884|BTC_USD~btc-echo|SELL|1000|0.776510|0.771710|0.784510|0.771710|2026-08-23T21:05:04|2026-08-24T01:38:53|4.8000|0.0000|0.0000|0|TP|1.000000|45.46000000|21
885|BTC_USD~btc-meanrev|SELL|1000|0.778700|0.776300|0.786700|0.776300|2026-08-23T21:16:09|2026-08-23T21:39:20|2.4000|0.0000|0.0000|0|TP|1.000000|49.11700000|21
886|BTC_USD~btc-impulse|BUY|1000|0.779470|0.771470|0.771470|0.783470|2026-08-23T21:19:08|2026-08-24T01:51:06|-8.0000|0.0000|0.0000|0|SL|1.000000|58.12000000|21
887|BTC_USD~btc-momentum|SELL|1000|0.776860|0.768860|0.784860|0.768860|2026-08-23T21:39:31|2026-08-24T02:02:33|8.0000|0.0000|0.0000|0|TP|1.000000|38.00800000|21
888|GBP_JPY~gj-sun|BUY|1000|2.167740|2.168600|2.163740|2.171740|2026-08-23T22:10:28|2026-08-23T23:10:30|0.8600|0.2100|0.0000|0|TIME|2.100000|27.45000000|22
889|XAU_USD~gold-impulse|BUY|1000|0.463820|0.459820|0.459820|0.465820|2026-08-24T00:08:09|2026-08-24T00:26:57|-4.0000|0.0000|0.0000|0|SL|0.260000|30.50200000|0
890|XAU_USD~gold-impulse|SELL|1000|0.460470|0.464470|0.464470|0.458470|2026-08-24T00:29:29|2026-08-24T02:10:26|-4.0000|0.0000|0.0000|0|SL|0.260000|43.96900000|0
891|WTICO_USD~oil-impulse|SELL|1000|0.849880|0.844560|0.861880|0.843880|2026-08-24T01:02:07|2026-08-24T08:56:39|5.3200|0.0000|0.0000|0|TRAIL|2.000000|53.60000000|1
892|WTICO_USD~oil-impulse-hh|SELL|1000|0.849880|0.843880|0.861880|0.843880|2026-08-24T01:02:07|2026-08-24T08:55:16|6.0000|0.0000|0.0000|0|TP|2.000000|53.60000000|1
893|BTC_USD~btc-echo|BUY|1000|0.772320|0.777120|0.764320|0.777120|2026-08-24T01:51:06|2026-08-24T07:12:08|4.8000|0.0000|0.0000|0|TP|1.000000|47.66400000|1
894|BTC_USD~btc-vprofile|SELL|1000|0.770850|0.776850|0.776850|0.760850|2026-08-24T02:05:05|2026-08-24T07:12:08|-6.0000|0.0000|0.0000|0|SL|1.000000|74.07200000|2
895|XAU_USD~gold-impulse|BUY|1000|0.464830|0.466830|0.460830|0.466830|2026-08-24T02:14:10|2026-08-24T11:38:11|2.0000|0.0000|0.0000|0|TP|0.260000|35.31400000|2
896|BTC_USD~btc-momentum|BUY|1000|0.773960|0.781960|0.765960|0.781960|2026-08-24T02:15:16|2026-08-24T11:36:09|8.0000|0.0000|0.0000|0|TP|1.000000|34.00600000|2
897|BTC_USD~btc-meanrev|SELL|1000|0.774470|0.772070|0.782470|0.772070|2026-08-24T02:16:06|2026-08-24T03:14:30|2.4000|0.0000|0.0000|0|TP|1.000000|56.72600000|2
898|BTC_USD~btc-meanrev-ps|SELL|1000|0.774470|0.772070|0.782470|0.772070|2026-08-24T02:16:06|2026-08-24T03:14:30|2.4000|0.0000|0.0000|0|TP|1.000000|56.72600000|2
899|BTC_USD~btc-meanrev|BUY|1000|0.767270|0.769670|0.759270|0.769670|2026-08-24T04:52:17|2026-08-24T05:05:36|2.4000|0.0000|0.0000|0|TP|1.000000|50.85800000|4
900|BTC_USD~btc-meanrev|SELL|1000|0.777870|0.775470|0.785870|0.775470|2026-08-24T07:12:43|2026-08-24T07:28:28|2.4000|0.0000|0.0000|0|TP|1.000000|52.17200000|7
901|TRNFP~trnfp-meanrev2|SELL|1000|0.101160|0.105160|0.105160|0.099160|2026-08-24T07:29:27|2026-08-31T11:49:07|-4.1012|0.0000|0.0000|0|SL|0.200000|11.90000000|7
902|AFKS~afks-meanrev2|SELL|1000|0.070630|0.072780|0.078630|0.066630|2026-08-24T07:34:58|2026-09-01T06:50:01|-2.2206|0.0200|0.0000|0|GAP|0.200000|29.70000000|7
903|BTC_USD~btc-echo|BUY|1000|0.774030|0.778830|0.766030|0.778830|2026-08-24T07:42:05|2026-08-24T10:19:21|4.8000|0.0000|0.0000|0|TP|1.000000|50.26700000|7
904|EUR_USD~momentum|SELL|1000|1.166710|1.164710|1.168710|1.164710|2026-08-24T07:43:53|2026-08-26T14:20:08|2.0000|0.0000|0.0000|0|TP|0.800000|8.10000000|7
905|BTC_USD~btc-meanrev|BUY|1000|0.768870|0.771270|0.760870|0.771270|2026-08-24T08:26:09|2026-08-24T08:49:49|2.4000|0.0000|0.0000|0|TP|1.000000|49.70000000|8
906|BTC_USD~btc-vprofile|BUY|1000|0.777910|0.787910|0.771910|0.787910|2026-08-24T10:16:05|2026-08-24T12:42:35|10.0000|0.0000|0.0000|0|TP|1.000000|60.02900000|10
907|BTC_USD~btc-echo|SELL|1000|0.783030|0.791030|0.791030|0.778230|2026-08-24T11:37:08|2026-08-24T12:51:12|-8.0000|0.0000|0.0000|0|SL|1.000000|57.05100000|11
908|XAU_USD~gold-impulse|BUY|1000|0.466460|0.468460|0.462460|0.468460|2026-08-24T11:39:02|2026-08-25T00:00:27|2.0000|0.0000|0.0000|0|TP|0.260000|25.38900000|11
909|BTC_USD~btc-momentum|SELL|1000|0.781800|0.789800|0.789800|0.773800|2026-08-24T11:49:49|2026-08-24T12:50:12|-8.0000|0.0000|0.0000|0|SL|1.000000|41.87400000|11
910|BTC_USD~btc-impulse|SELL|1000|0.782050|0.790050|0.790050|0.778050|2026-08-24T12:11:36|2026-08-24T12:50:51|-8.0000|0.0000|0.0000|0|SL|1.000000|44.13300000|12
911|BTC_USD~btc-meanrev|SELL|1000|0.786250|0.783850|0.794250|0.783850|2026-08-24T12:32:04|2026-08-24T12:33:12|2.4000|0.0000|0.0000|0|TP|1.000000|65.53900000|12
912|BTC_USD~btc-meanrev|SELL|1000|0.788940|0.786540|0.796940|0.786540|2026-08-24T12:47:11|2026-08-24T13:33:09|2.4000|0.0000|0.0000|0|TP|1.000000|81.61500000|12
913|BTC_USD~btc-momentum|BUY|1000|0.791300|0.783300|0.783300|0.799300|2026-08-24T12:52:11|2026-08-24T13:42:50|-8.0000|0.0000|0.0000|0|SL|1.000000|47.30700000|12
914|BTC_USD~btc-echo|SELL|1000|0.790470|0.785670|0.798470|0.785670|2026-08-24T13:07:08|2026-08-24T13:39:32|4.8000|0.0000|0.0000|0|TP|1.000000|111.00400000|13
915|WTICO_USD~oil-impulse|BUY|1000|0.855240|0.843240|0.843240|0.861240|2026-08-24T13:33:24|2026-08-24T15:29:04|-12.0000|0.0000|0.0000|0|SL|2.000000|57.20000000|13
916|WTICO_USD~oil-impulse-hh|BUY|1000|0.855240|0.843240|0.843240|0.861240|2026-08-24T13:33:24|2026-08-24T15:29:04|-12.0000|0.0000|0.0000|0|SL|2.000000|57.20000000|13
917|BTC_USD~btc-momentum|SELL|1000|0.781200|0.789200|0.789200|0.773200|2026-08-24T13:46:49|2026-08-24T14:09:57|-8.0000|0.0000|0.0000|0|SL|1.000000|68.65800000|13
918|BTC_USD~btc-meanrev|BUY|1000|0.782440|0.784840|0.774440|0.784840|2026-08-24T13:48:11|2026-08-24T13:56:44|2.4000|0.0000|0.0000|0|TP|1.000000|119.68600000|13
919|BTC_USD~btc-impulse|SELL|1000|0.783580|0.791580|0.791580|0.779580|2026-08-24T13:55:04|2026-08-24T14:12:45|-8.0000|0.0000|0.0000|0|SL|1.000000|94.90000000|13
920|BTC_USD~btc-matrend|BUY|1000|0.785650|0.795650|0.777650|0.795650|2026-08-24T13:59:08|2026-08-24T14:23:11|10.0000|0.0000|0.0000|0|TP|1.000000|126.79300000|13
921|BTC_USD~btc-meanrev|SELL|1000|0.788010|0.796010|0.796010|0.785610|2026-08-24T14:05:56|2026-08-24T14:23:11|-8.0000|0.0000|0.0000|0|SL|1.000000|103.37700000|14
922|BTC_USD~btc-echo|SELL|1000|0.788140|0.796140|0.796140|0.783340|2026-08-24T14:07:06|2026-08-24T14:32:20|-8.0000|0.0000|0.0000|0|SL|1.000000|126.79300000|14
923|BTC_USD~btc-momentum|BUY|1000|0.791190|0.799190|0.783190|0.799190|2026-08-24T14:11:26|2026-08-24T15:27:13|8.0000|0.0000|0.0000|0|TP|1.000000|38.29100000|14
924|BTC_USD~btc-meanrev|SELL|1000|0.796400|0.794000|0.804400|0.794000|2026-08-24T14:35:59|2026-08-24T14:50:44|2.4000|0.0000|0.0000|0|TP|1.000000|98.61100000|14
925|BTC_USD~btc-echo|SELL|1000|0.796740|0.791940|0.804740|0.791940|2026-08-24T14:37:06|2026-08-24T15:43:51|4.8000|0.0000|0.0000|0|TP|1.000000|164.22500000|14
926|GAZP~gazp-meanrev2|SELL|1000|0.082930|0.086930|0.086930|0.080930|2026-08-24T14:54:30|2026-08-25T15:01:58|-4.0829|0.0100|0.0000|0|SL|0.100000|13.70000000|14
927|MOEX~moex-meanrev2|SELL|1000|0.150460|0.152890|0.158460|0.146460|2026-08-24T14:54:47|2026-09-01T06:50:01|-2.5805|0.0000|0.0000|0|GAP|0.100000|22.45000000|14
928|BTC_USD~btc-meanrev|SELL|1000|0.799110|0.796710|0.807110|0.796710|2026-08-24T15:25:15|2026-08-24T15:38:04|2.4000|0.0000|0.0000|0|TP|1.000000|61.93500000|15
929|WTICO_USD~oil-impulse|SELL|1000|0.842700|0.837900|0.854700|0.836700|2026-08-24T15:32:07|2026-08-25T07:09:22|4.8000|0.0000|0.0000|0|TRAIL|2.000000|63.00000000|15
930|WTICO_USD~oil-impulse-hh|SELL|1000|0.842700|0.836700|0.854700|0.836700|2026-08-24T15:32:07|2026-08-25T07:08:14|6.0000|0.0000|0.0000|0|TP|2.000000|63.00000000|15
931|SIBN~sibn-meanrev2|SELL|1000|0.467300|0.479300|0.479300|0.461300|2026-08-24T15:37:02|2026-08-25T06:51:04|-12.4673|0.0000|0.0000|0|SL|2.000000|61.75000000|15
932|SIBN~sibn-meanrev2-og|SELL|1000|0.467300|0.479300|0.479300|0.461300|2026-08-24T15:37:02|2026-08-25T06:51:04|-12.4673|0.0000|0.0000|0|SL|2.000000|61.75000000|15
933|BTC_USD~btc-momentum|SELL|1000|0.795930|0.787930|0.803930|0.787930|2026-08-24T15:38:31|2026-08-24T17:02:14|8.0000|0.0000|0.0000|0|TP|1.000000|37.21500000|15
934|BTC_USD~btc-meanrev|BUY|1000|0.793830|0.796230|0.785830|0.796230|2026-08-24T15:43:35|2026-08-24T16:17:05|2.4000|0.0000|0.0000|0|TP|1.000000|59.33400000|15
935|BTC_USD~btc-matrend|BUY|1000|0.793440|0.785440|0.785440|0.803440|2026-08-24T15:46:29|2026-08-24T17:22:34|-8.0000|0.0000|0.0000|0|SL|1.000000|84.68700000|15
937|SIBN~sibn-meanrev|SELL|1000|0.472300|0.486300|0.486300|0.465300|2026-08-24T16:05:07|2026-08-28T12:19:25|-14.4723|0.0000|0.0000|0|SL|3.000000|112.25000000|16
938|BTC_USD~btc-echo|SELL|1000|0.794340|0.789540|0.802340|0.789540|2026-08-24T16:07:33|2026-08-24T16:54:43|4.8000|0.0000|0.0000|0|TP|1.000000|116.23100000|16
939|BTC_USD~btc-meanrev|SELL|1000|0.796520|0.794120|0.804520|0.794120|2026-08-24T16:17:11|2026-08-24T16:41:23|2.4000|0.0000|0.0000|0|TP|1.000000|83.17700000|16
940|BTC_USD~btc-meanrev|BUY|1000|0.793340|0.785340|0.785340|0.795740|2026-08-24T16:45:42|2026-08-24T17:22:34|-8.0000|0.0000|0.0000|0|SL|1.000000|50.08100000|16
941|SPX500_USD~sp-matrend|SELL|1000|0.766740|0.770740|0.770740|0.763740|2026-08-24T17:01:10|2026-08-26T22:00:01|-4.0000|0.0000|0.0000|0|SL|0.400000|10.49000000|17
942|BTC_USD~btc-momentum|SELL|1000|0.786990|0.794990|0.794990|0.778990|2026-08-24T17:03:04|2026-08-25T00:45:47|-8.0000|0.0000|0.0000|0|SL|1.000000|55.00800000|17
943|BTC_USD~btc-echo|SELL|1000|0.789680|0.784880|0.797680|0.784880|2026-08-24T17:07:13|2026-08-24T17:25:21|4.8000|0.0000|0.0000|0|TP|1.000000|116.29400000|17
944|BTC_USD~btc-echo|SELL|1000|0.787720|0.795720|0.795720|0.782920|2026-08-24T17:37:38|2026-08-25T00:46:13|-8.0000|0.0000|0.0000|0|SL|1.000000|121.40400000|17
945|EUR_USD~echo|BUY|1000|1.165890|1.167090|1.163890|1.167090|2026-08-24T18:13:23|2026-08-25T09:08:28|1.2000|0.0000|0.0000|0|TP|0.800000|8.00000000|18
946|BTC_USD~btc-matrend|BUY|1000|0.789980|0.799980|0.781980|0.799980|2026-08-24T18:14:02|2026-08-25T02:17:51|10.0000|0.0000|0.0000|0|TP|1.000000|58.47100000|18
947|GBP_JPY~gj-h20|SELL|1000|2.168860|2.169300|2.172860|2.164860|2026-08-24T20:00:05|2026-08-24T21:05:34|-0.4400|0.6700|0.0000|0|TIME|6.700000|9.55000000|20
949|BTC_USD~btc-meanrev|SELL|1000|0.792120|0.800120|0.800120|0.789720|2026-08-25T00:43:15|2026-08-25T02:17:53|-8.0000|0.0000|0.0000|0|SL|1.000000|49.92300000|0
950|BTC_USD~btc-meanrev-ps|SELL|1000|0.792120|0.800120|0.800120|0.789720|2026-08-25T00:43:15|2026-08-25T02:17:53|-8.0000|0.0000|0.0000|0|SL|1.000000|49.92300000|0
951|BTC_USD~btc-impulse|BUY|1000|0.796530|0.800530|0.788530|0.800530|2026-08-25T00:48:13|2026-08-25T02:17:53|4.0000|0.0000|0.0000|0|TP|1.000000|97.57200000|0
952|BTC_USD~btc-momentum|BUY|1000|0.796370|0.804370|0.788370|0.804370|2026-08-25T00:48:19|2026-08-25T02:17:56|8.0000|0.0000|0.0000|0|TP|1.000000|60.55100000|0
953|BTC_USD~btc-echo|SELL|1000|0.794980|0.802980|0.802980|0.790180|2026-08-25T01:16:04|2026-08-25T02:17:53|-8.0000|0.0000|0.0000|0|SL|1.000000|123.46900000|1
954|BTC_USD~btc-meanrev|SELL|1000|0.804290|0.812290|0.812290|0.801890|2026-08-25T02:17:56|2026-08-25T02:42:21|-8.0000|0.0000|0.0000|0|SL|1.000000|92.04900000|2
955|BTC_USD~btc-meanrev-ps|SELL|1000|0.804290|0.812290|0.812290|0.801890|2026-08-25T02:17:56|2026-08-25T02:42:21|-8.0000|0.0000|0.0000|0|SL|1.000000|92.04900000|2
956|BTC_USD~btc-impulse|BUY|1000|0.808820|0.800820|0.800820|0.812820|2026-08-25T02:18:01|2026-08-25T07:49:03|-8.0000|0.0000|0.0000|0|SL|1.000000|148.51900000|2
957|BTC_USD~btc-momentum|SELL|1000|0.806910|0.798910|0.814910|0.798910|2026-08-25T02:23:06|2026-08-25T07:49:42|8.0000|0.0000|0.0000|0|TP|1.000000|45.16500000|2
958|BTC_USD~btc-echo|SELL|1000|0.807710|0.802910|0.815710|0.802910|2026-08-25T02:46:14|2026-08-25T04:07:03|4.8000|0.0000|0.0000|0|TP|1.000000|161.76400000|2
959|BTC_USD~btc-meanrev|BUY|1000|0.804920|0.807320|0.796920|0.807320|2026-08-25T02:50:07|2026-08-25T03:03:27|2.4000|0.0000|0.0000|0|TP|1.000000|76.72800000|2
960|BTC_USD~btc-meanrev-ps|BUY|1000|0.804920|0.807320|0.796920|0.807320|2026-08-25T02:50:07|2026-08-25T03:03:27|2.4000|0.0000|0.0000|0|TP|1.000000|76.72800000|2
961|BTC_USD~btc-matrend|BUY|1000|0.804860|0.796860|0.796860|0.814860|2026-08-25T04:01:05|2026-08-25T07:49:43|-8.0000|0.0000|0.0000|0|SL|1.000000|56.32900000|4
963|BTC_USD~btc-echo|SELL|1000|0.804070|0.799270|0.812070|0.799270|2026-08-25T04:16:02|2026-08-25T07:49:42|4.8000|0.0000|0.0000|0|TP|1.000000|50.81800000|4
964|SIBN~sibn-meanrev2|BUY|1000|0.475700|0.480650|0.463700|0.481700|2026-08-25T07:34:38|2026-08-25T12:52:23|4.4743|0.0000|0.0000|0|TRAIL|3.500000|76.50000000|7
965|SIBN~sibn-meanrev2-og|BUY|1000|0.475700|0.480650|0.463700|0.481700|2026-08-25T07:34:38|2026-08-25T12:52:23|4.4743|0.0000|0.0000|0|TRAIL|3.500000|76.50000000|7
966|BTC_USD~btc-meanrev|BUY|1000|0.801470|0.793470|0.793470|0.803870|2026-08-25T07:49:00|2026-08-25T07:51:27|-8.0000|0.0000|0.0000|0|SL|1.000000|51.71600000|7
967|BTC_USD~btc-meanrev-ps|BUY|1000|0.801470|0.793470|0.793470|0.803870|2026-08-25T07:49:00|2026-08-25T07:51:27|-8.0000|0.0000|0.0000|0|SL|1.000000|51.71600000|7
968|BTC_USD~btc-impulse|SELL|1000|0.798500|0.794500|0.806500|0.794500|2026-08-25T07:50:07|2026-08-25T07:51:24|4.0000|0.0000|0.0000|0|TP|1.000000|79.04500000|7
969|BTC_USD~btc-momentum|SELL|1000|0.797320|0.789320|0.805320|0.789320|2026-08-25T07:54:04|2026-08-25T09:53:55|8.0000|0.0000|0.0000|0|TP|1.000000|74.16100000|7
970|BTC_USD~btc-impulse|SELL|1000|0.798370|0.794370|0.806370|0.794370|2026-08-25T08:05:06|2026-08-25T09:50:52|4.0000|0.0000|0.0000|0|TP|1.000000|109.48400000|8
971|BTC_USD~btc-echo|SELL|1000|0.799610|0.794810|0.807610|0.794810|2026-08-25T08:16:05|2026-08-25T09:50:24|4.8000|0.0000|0.0000|0|TP|1.000000|116.39000000|8
972|WTICO_USD~oil-impulse|SELL|1000|0.832000|0.825950|0.844000|0.826000|2026-08-25T08:25:07|2026-08-25T08:59:50|6.0500|0.0000|0.0000|0|TRAIL|2.000000|113.80000000|8
973|WTICO_USD~oil-impulse-hh|SELL|1000|0.832000|0.826000|0.844000|0.826000|2026-08-25T08:25:07|2026-08-25T08:58:05|6.0000|0.0000|0.0000|0|TP|2.000000|113.80000000|8
974|WTICO_USD~oil-impulse-hh|SELL|1000|0.824820|0.818820|0.836820|0.818820|2026-08-25T08:59:14|2026-08-25T09:41:14|6.0000|0.0000|0.0000|0|TP|2.000000|103.80000000|8
975|WTICO_USD~oil-impulse|SELL|1000|0.824110|0.818170|0.836110|0.818110|2026-08-25T09:14:06|2026-08-25T09:57:03|5.9400|0.0000|0.0000|0|TRAIL|2.000000|77.60000000|9
976|WTICO_USD~oil-impulse-hh|SELL|3000|0.819090|0.813090|0.831090|0.813090|2026-08-25T09:43:20|2026-08-25T15:41:45|18.0000|0.0000|0.0000|0|TP|2.000000|61.70000000|9
977|BTC_USD~btc-impulse|SELL|1000|0.791410|0.787410|0.799410|0.787410|2026-08-25T09:53:03|2026-08-25T12:06:13|4.0000|0.0000|0.0000|0|TP|1.000000|77.05700000|9
978|BTC_USD~btc-vprofile|SELL|1000|0.790870|0.780870|0.796870|0.780870|2026-08-25T09:55:02|2026-08-25T21:07:29|10.0000|0.0000|0.0000|0|TP|1.000000|107.43600000|9
979|WTICO_USD~oil-impulse|SELL|1000|0.817540|0.811680|0.829540|0.811540|2026-08-25T10:00:00|2026-08-25T19:55:39|5.8600|0.0000|0.0000|0|TRAIL|2.000000|57.80000000|10
980|BTC_USD~btc-momentum|SELL|1000|0.788110|0.780110|0.796110|0.780110|2026-08-25T12:06:18|2026-08-25T21:07:34|8.0000|0.0000|0.0000|0|TP|1.000000|43.96000000|12
981|BTC_USD~btc-echo|BUY|1000|0.787330|0.792130|0.779330|0.792130|2026-08-25T12:07:02|2026-08-25T14:27:25|4.8000|0.0000|0.0000|0|TP|1.000000|68.35600000|12
982|BTC_USD~btc-impulse|SELL|1000|0.787360|0.783360|0.795360|0.783360|2026-08-25T12:08:06|2026-08-25T13:51:07|4.0000|0.0000|0.0000|0|TP|1.000000|69.54400000|12
983|XAU_USD~gold-impulse|SELL|1000|0.461020|0.465020|0.465020|0.459020|2026-08-25T13:26:09|2026-08-25T15:34:27|-4.0000|0.0000|0.0000|0|SL|0.260000|31.04700000|13
984|BTC_USD~btc-matrend|SELL|1000|0.789140|0.779140|0.797140|0.779140|2026-08-25T13:41:04|2026-08-25T21:07:40|10.0000|0.0000|0.0000|0|TP|1.000000|54.96600000|13
986|BTC_USD~btc-impulse|SELL|1000|0.782170|0.790170|0.790170|0.778170|2026-08-25T13:53:33|2026-08-25T14:13:21|-8.0000|0.0000|0.0000|0|SL|1.000000|92.77600000|13
987|BTC_USD~btc-impulse|BUY|1000|0.790520|0.794520|0.782520|0.794520|2026-08-25T14:17:03|2026-08-25T15:36:41|4.0000|0.0000|0.0000|0|TP|1.000000|86.91900000|14
988|SVCB~svcb-meanrev2|SELL|1000|0.100350|0.099350|0.102350|0.099350|2026-08-25T15:01:47|2026-08-25T15:25:05|0.8997|0.0500|0.0000|0|TP|0.500000|26.50000000|15
989|GAZP~gazp-meanrev2|SELL|1000|0.087000|0.085000|0.091000|0.085000|2026-08-25T15:02:10|2026-08-25T18:10:47|1.9130|0.0200|0.0000|0|TP|0.200000|38.35000000|15
990|XAU_USD~gold-impulse|BUY|1000|0.465580|0.461580|0.461580|0.467580|2026-08-25T15:40:12|2026-08-26T10:25:57|-4.0000|0.0000|0.0000|0|SL|0.260000|25.16200000|15
991|WTICO_USD~oil-impulse-hh|SELL|3000|0.815610|0.809610|0.827610|0.809610|2026-08-25T15:54:07|2026-08-25T19:57:54|18.0000|0.0000|0.0000|0|TP|2.000000|82.60000000|15
992|BTC_USD~btc-echo|BUY|1000|0.788230|0.793030|0.780230|0.793030|2026-08-25T17:24:07|2026-08-25T18:03:22|4.8000|0.0000|0.0000|0|TP|1.000000|53.45800000|17
993|BTC_USD~btc-echo|BUY|1000|0.788110|0.780110|0.780110|0.792910|2026-08-25T19:41:04|2026-08-25T21:07:34|-8.0000|0.0000|0.0000|0|SL|1.000000|42.17900000|19
995|GBP_JPY~gj-h20|SELL|1000|2.172510|2.173110|2.176510|2.168510|2026-08-25T20:00:00|2026-08-25T21:05:26|-0.6000|0.6700|0.0000|0|TIME|6.700000|11.45000000|20
994|XAU_USD~gold-h20|BUY|1000|0.466747|0.465797|0.462750|0.470750|2026-08-25T20:00:01|2026-08-25T22:00:30|-0.9491|0.0260|0.0000|0|TIME|0.260000|12.62000000|20
996|WTICO_USD~oil-impulse|SELL|1000|0.806040|0.800590|0.818040|0.800040|2026-08-25T20:05:11|2026-08-25T20:21:51|5.4500|0.0000|0.0000|0|TRAIL|2.000000|116.90000000|20
997|WTICO_USD~oil-impulse-hh|SELL|5000|0.806040|0.800040|0.818040|0.800040|2026-08-25T20:05:11|2026-08-25T20:20:51|30.0000|0.0000|0.0000|0|TP|2.000000|116.90000000|20
998|BTC_USD~btc-impulse|SELL|1000|0.784590|0.780590|0.792590|0.780590|2026-08-25T20:43:05|2026-08-25T21:07:29|4.0000|0.0000|0.0000|0|TP|1.000000|48.87200000|20
999|WTICO_USD~oil-impulse|BUY|1000|0.804670|0.811730|0.792670|0.810670|2026-08-25T20:45:13|2026-08-26T13:54:21|7.0600|0.0000|0.0000|0|TRAIL|2.000000|57.80000000|20
1000|WTICO_USD~oil-impulse-hh|BUY|5000|0.804670|0.810670|0.792670|0.810670|2026-08-25T20:45:13|2026-08-26T13:49:23|30.0000|0.0000|0.0000|0|TP|2.000000|57.80000000|20
1001|BTC_USD~btc-momentum|SELL|1000|0.779260|0.787260|0.787260|0.771260|2026-08-25T21:08:22|2026-08-25T22:05:29|-8.0000|0.0000|0.0000|0|SL|1.000000|43.40700000|21
1002|BTC_USD~btc-echo|BUY|1000|0.781520|0.786320|0.773520|0.786320|2026-08-25T21:12:04|2026-08-25T21:40:26|4.8000|0.0000|0.0000|0|TP|1.000000|98.95200000|21
1003|BTC_USD~btc-echo|BUY|1000|0.785920|0.790720|0.777920|0.790720|2026-08-25T21:42:04|2026-08-26T02:25:36|4.8000|0.0000|0.0000|0|TP|1.000000|66.06100000|21
1004|BTC_USD~btc-matrend|SELL|1000|0.786290|0.794290|0.794290|0.776290|2026-08-25T22:28:01|2026-08-27T08:04:15|-8.0000|0.0000|0.0000|0|SL|1.000000|58.04000000|22
1005|BTC_USD~btc-vprofile|SELL|1000|0.785560|0.791560|0.791560|0.775560|2026-08-26T00:04:04|2026-08-26T02:26:20|-6.0000|0.0000|0.0000|0|SL|1.000000|54.78000000|0
1006|BTC_USD~btc-meanrev|SELL|1000|0.788990|0.786590|0.796990|0.786590|2026-08-26T01:07:40|2026-08-26T05:06:07|2.4000|0.0000|0.0000|0|TP|1.000000|53.84300000|1
1007|BTC_USD~btc-meanrev-ps|SELL|1000|0.788990|0.786590|0.796990|0.786590|2026-08-26T01:07:40|2026-08-26T05:06:07|2.4000|0.0000|0.0000|0|TP|1.000000|53.84300000|1
1008|AUD_JPY~aj-momentum|BUY|1000|1.141250|1.147250|1.135250|1.147250|2026-08-26T01:31:33|2026-08-27T18:06:15|6.0000|0.0000|0.0000|0|TP|1.100000|24.30000000|1
1009|GBP_JPY~gj-meanrev|BUY|1000|2.168810|2.164810|2.164810|2.170010|2026-08-26T02:03:35|2026-08-26T21:16:29|-4.0000|0.0000|0.0000|0|SL|2.100000|28.60000000|2
1010|GBP_JPY~gj-meanrev-ps|BUY|1000|2.168810|2.164810|2.164810|2.170010|2026-08-26T02:03:35|2026-08-26T21:16:29|-4.0000|0.0000|0.0000|0|SL|2.100000|28.60000000|2
1011|BTC_USD~btc-echo|SELL|1000|0.790830|0.786030|0.798830|0.786030|2026-08-26T02:55:09|2026-08-26T09:16:54|4.8000|0.0000|0.0000|0|TP|1.000000|48.00100000|2
1013|BTC_USD~btc-impulse|BUY|1000|0.790840|0.782840|0.782840|0.794840|2026-08-26T05:34:04|2026-08-26T09:47:17|-8.0000|0.0000|0.0000|0|SL|1.000000|48.32500000|5
1014|BTC_USD~btc-momentum|SELL|1000|0.784680|0.776680|0.792680|0.776680|2026-08-26T09:17:34|2026-08-26T15:03:32|8.0000|0.0000|0.0000|0|TP|1.000000|32.79200000|9
1015|BTC_USD~btc-meanrev|BUY|1000|0.784320|0.786720|0.776320|0.786720|2026-08-26T09:19:11|2026-08-26T10:39:16|2.4000|0.0000|0.0000|0|TP|1.000000|50.01800000|9
1016|GAZP~gazp-meanrev2|BUY|1000|0.083780|0.085780|0.079780|0.085780|2026-08-26T10:01:21|2026-08-28T13:43:56|1.9162|0.0100|0.0000|0|TP|0.100000|12.80000000|10
1017|EUR_USD~echo|BUY|1000|1.166150|1.167350|1.164150|1.167350|2026-08-26T10:57:28|2026-08-26T12:19:13|1.2000|0.0000|0.0000|0|TP|0.800000|5.20000000|10
1018|BTC_USD~btc-meanrev|BUY|1000|0.783100|0.785500|0.775100|0.785500|2026-08-26T11:38:21|2026-08-26T11:57:21|2.4000|0.0000|0.0000|0|TP|1.000000|41.22000000|11
1019|BTC_USD~btc-echo|BUY|1000|0.782080|0.786880|0.774080|0.786880|2026-08-26T12:40:33|2026-08-26T21:11:43|4.8000|0.0000|0.0000|0|TP|1.000000|45.82300000|12
1020|EUR_USD~echo|BUY|1000|1.165510|1.163510|1.163510|1.166710|2026-08-26T13:02:24|2026-08-28T14:01:30|-2.0000|0.0000|0.0000|0|SL|0.800000|18.40000000|13
1021|EUR_USD~meanrev|BUY|1000|1.165260|1.163260|1.163260|1.166260|2026-08-26T13:03:14|2026-08-28T14:02:30|-2.0000|0.0000|0.0000|0|SL|0.800000|22.40000000|13
1022|EUR_USD~meanrev-be|BUY|1000|1.165260|1.165260|1.163260|1.166260|2026-08-26T13:03:14|2026-08-26T13:59:19|0.0000|0.0000|0.0000|0|BE|0.800000|22.40000000|13
1023|EUR_USD~meanrev-ps|BUY|1000|1.165260|1.163260|1.163260|1.166260|2026-08-26T13:03:14|2026-08-28T14:02:30|-2.0000|0.0000|0.0000|0|SL|0.800000|22.40000000|13
1024|EUR_USD~meanrev-hh|BUY|1000|1.165260|1.163260|1.163260|1.166260|2026-08-26T13:03:14|2026-08-28T14:02:30|-2.0000|0.0000|0.0000|0|SL|0.800000|22.40000000|13
1026|BTC_USD~btc-meanrev|SELL|1000|0.784470|0.782070|0.792470|0.782070|2026-08-26T13:38:28|2026-08-26T13:52:28|2.4000|0.0000|0.0000|0|TP|1.000000|53.13400000|13
1028|SIBN~sibn-meanrev2|BUY|1000|0.468750|0.473850|0.456750|0.474750|2026-08-26T14:10:26|2026-08-27T06:54:28|4.6313|0.0000|0.0000|0|TRAIL|3.500000|68.50000000|14
1029|BTC_USD~btc-meanrev|BUY|1000|0.780840|0.783240|0.772840|0.783240|2026-08-26T14:35:39|2026-08-26T17:24:42|2.4000|0.0000|0.0000|0|TP|1.000000|51.26300000|14
1030|BTC_USD~btc-impulse|SELL|1000|0.779260|0.787260|0.787260|0.775260|2026-08-26T14:46:04|2026-08-26T21:13:24|-8.0000|0.0000|0.0000|0|SL|1.000000|64.78800000|14
1031|BTC_USD~btc-meanrev|SELL|1000|0.784860|0.782460|0.792860|0.782460|2026-08-26T17:28:03|2026-08-26T20:21:59|2.4000|0.0000|0.0000|0|TP|1.000000|49.80800000|17
1032|WTICO_USD~oil-impulse|SELL|1000|0.815200|0.808100|0.827200|0.809200|2026-08-26T19:02:09|2026-08-27T07:10:15|7.1000|0.0000|0.0000|0|TRAIL|2.000000|34.00000000|19
1033|WTICO_USD~oil-impulse-hh|SELL|1000|0.815200|0.809200|0.827200|0.809200|2026-08-26T19:02:09|2026-08-27T07:01:30|6.0000|0.0000|0.0000|0|TP|2.000000|34.00000000|19
1034|GBP_JPY~gj-h20|SELL|1000|2.165900|2.166680|2.169900|2.161900|2026-08-26T20:10:21|2026-08-26T21:11:15|-0.7800|0.6700|0.0000|0|TIME|6.700000|5.40000000|20
1035|BTC_USD~btc-meanrev|SELL|1000|0.788270|0.785870|0.796270|0.785870|2026-08-26T21:16:09|2026-08-26T22:50:46|2.4000|0.0000|0.0000|0|TP|1.000000|45.33900000|21
1036|BTC_USD~btc-impulse|BUY|1000|0.788070|0.792070|0.780070|0.792070|2026-08-26T21:17:01|2026-08-27T08:03:15|4.0000|0.0000|0.0000|0|TP|1.000000|43.33200000|21
1037|BTC_USD~btc-echo|SELL|1000|0.789980|0.797980|0.797980|0.785180|2026-08-26T23:37:12|2026-08-27T08:10:15|-8.0000|0.0000|0.0000|0|SL|1.000000|43.34400000|23
1148|GBP_JPY~gj-vprofile|SELL|1000|2.164570|2.169570|2.169570|2.161570|2026-08-27T01:39:15|2026-08-28T10:33:15|-5.0000|0.0000|0.0000|1|SL|1.900000|15.95000000|1
1145|SPX500_USD~sp-matrend|BUY|1000|0.770400|0.773400|0.766400|0.773400|2026-08-27T07:00:15|2026-08-27T16:40:15|3.0000|0.0000|0.0000|1|TP|0.519000|10.49700000|7
1133|WTICO_USD~oil-impulse-hh|SELL|1000|0.808950|0.820950|0.820950|0.802950|2026-08-27T07:04:15|2026-08-27T09:12:15|-12.0000|0.0000|0.0000|1|SL|5.000000|46.10000000|7
1134|WTICO_USD~oil-impulse|SELL|1000|0.808740|0.820740|0.820740|0.802740|2026-08-27T07:19:15|2026-08-27T09:12:15|-12.0000|0.0000|0.0000|1|SL|5.000000|51.90000000|7
1046|BTC_USD~btc-meanrev|SELL|1000|0.794270|0.802270|0.802270|0.791870|2026-08-27T08:04:15|2026-08-27T09:25:15|-8.0000|0.0000|0.0000|1|SL|5.000000|59.67000000|8
1047|BTC_USD~btc-meanrev-ps|SELL|1000|0.794270|0.802270|0.802270|0.791870|2026-08-27T08:04:15|2026-08-27T09:25:15|-8.0000|0.0000|0.0000|1|SL|5.000000|59.67000000|8
1048|BTC_USD~btc-momentum|BUY|1000|0.794840|0.802840|0.786840|0.802840|2026-08-27T08:04:30|2026-08-27T09:26:15|8.0000|0.0000|0.0000|1|TP|5.000000|48.83000000|8
1049|BTC_USD~btc-impulse|BUY|1000|0.797080|0.801080|0.789080|0.801080|2026-08-27T08:10:30|2026-08-27T09:25:15|4.0000|0.0000|0.0000|1|TP|5.000000|94.80000000|8
1039|SIBN~sibn-meanrev2|SELL|1000|0.480050|0.474600|0.492050|0.474050|2026-08-27T08:28:17|2026-08-27T09:25:51|4.9700|0.0000|0.0000|0|TRAIL|1.500000|82.00000000|8
1040|SIBN~sibn-meanrev2-og|SELL|1000|0.480050|0.474600|0.492050|0.474050|2026-08-27T08:28:17|2026-08-27T09:25:51|4.9700|0.0000|0.0000|0|TRAIL|1.500000|82.00000000|8
1050|BTC_USD~btc-echo|SELL|1000|0.798900|0.794100|0.806900|0.794100|2026-08-27T08:35:15|2026-08-27T10:26:30|4.8000|0.0000|0.0000|1|TP|5.000000|106.95000000|8
1135|WTICO_USD~oil-impulse|BUY|1000|0.820850|0.826550|0.808850|0.826850|2026-08-27T09:16:30|2026-08-27T12:55:30|5.7000|0.0000|0.0000|1|TRAIL|5.000000|59.10000000|9
1136|WTICO_USD~oil-impulse-hh|BUY|1000|0.820850|0.826850|0.808850|0.826850|2026-08-27T09:16:30|2026-08-27T12:51:15|6.0000|0.0000|0.0000|1|TP|5.000000|59.10000000|9
1051|BTC_USD~btc-meanrev|SELL|1000|0.802740|0.800340|0.810740|0.800340|2026-08-27T09:26:15|2026-08-27T09:56:30|2.4000|0.0000|0.0000|1|TP|5.000000|59.37000000|9
1052|BTC_USD~btc-meanrev-ps|SELL|1000|0.802740|0.800340|0.810740|0.800340|2026-08-27T09:26:15|2026-08-27T09:56:30|2.4000|0.0000|0.0000|1|TP|5.000000|59.37000000|9
1053|BTC_USD~btc-momentum|BUY|1000|0.803820|0.795820|0.795820|0.811820|2026-08-27T09:26:30|2026-08-27T10:26:30|-8.0000|0.0000|0.0000|1|SL|5.000000|41.85000000|9
1054|BTC_USD~btc-impulse|BUY|1000|0.804870|0.796870|0.796870|0.808870|2026-08-27T09:30:30|2026-08-27T10:25:30|-8.0000|0.0000|0.0000|1|SL|5.000000|79.48000000|9
1055|BTC_USD~btc-momentum|SELL|1000|0.793550|0.801550|0.801550|0.785550|2026-08-27T10:26:45|2026-08-27T14:36:15|-8.0000|0.0000|0.0000|1|SL|5.000000|69.03000000|10
1056|BTC_USD~btc-impulse|SELL|1000|0.796730|0.792730|0.804730|0.792730|2026-08-27T10:33:15|2026-08-27T11:51:30|4.0000|0.0000|0.0000|1|TP|5.000000|63.35000000|10
1057|BTC_USD~btc-echo|SELL|1000|0.796220|0.791420|0.804220|0.791420|2026-08-27T10:35:15|2026-08-27T13:32:30|4.8000|0.0000|0.0000|1|TP|5.000000|79.89000000|10
1058|BTC_USD~btc-matrend|BUY|1000|0.797110|0.789110|0.789110|0.807110|2026-08-27T11:15:30|2026-08-27T13:48:30|-8.0000|0.0000|0.0000|1|SL|5.000000|56.67000000|11
1149|GBP_JPY~gj-meanrev|SELL|1000|2.166300|2.165100|2.170300|2.165100|2026-08-27T13:12:15|2026-08-27T14:24:30|1.2000|0.0000|0.0000|1|TP|1.700000|25.45000000|13
1150|GBP_JPY~gj-meanrev-ps|SELL|1000|2.166300|2.165100|2.170300|2.165100|2026-08-27T13:12:15|2026-08-27T14:24:30|1.2000|0.0000|0.0000|1|TP|1.700000|25.45000000|13
1107|EUR_USD~meanrev-be|SELL|1000|1.165730|1.165730|1.167730|1.164730|2026-08-27T13:23:15|2026-08-27T14:08:15|0.0000|0.0000|0.0000|1|BE|0.400000|17.50000000|13
1108|EUR_USD~momentum|BUY|1000|1.165820|1.163820|1.163820|1.167820|2026-08-27T13:23:30|2026-08-28T13:59:30|-2.0000|0.0000|0.0000|1|SL|0.400000|9.20000000|13
1109|EUR_USD~impulse|BUY|1000|1.165600|1.163600|1.163600|1.166600|2026-08-27T13:23:30|2026-08-28T14:01:30|-2.0000|0.0000|0.0000|1|SL|0.400000|16.30000000|13
1059|BTC_USD~btc-echo|SELL|1000|0.796350|0.804350|0.804350|0.791550|2026-08-27T14:03:15|2026-08-27T14:44:15|-8.0000|0.0000|0.0000|1|SL|5.000000|59.81000000|14
1060|BTC_USD~btc-meanrev|SELL|1000|0.796730|0.794330|0.804730|0.794330|2026-08-27T14:04:00|2026-08-27T14:10:30|2.4000|0.0000|0.0000|1|TP|5.000000|74.67000000|14
1061|BTC_USD~btc-meanrev-ps|SELL|1000|0.796730|0.794330|0.804730|0.794330|2026-08-27T14:04:00|2026-08-27T14:10:30|2.4000|0.0000|0.0000|1|TP|5.000000|74.67000000|14
1062|BTC_USD~btc-meanrev|SELL|1000|0.798300|0.806300|0.806300|0.795900|2026-08-27T14:21:15|2026-08-27T15:13:15|-8.0000|0.0000|0.0000|1|SL|5.000000|67.09000000|14
1063|BTC_USD~btc-meanrev-ps|SELL|1000|0.798300|0.806300|0.806300|0.795900|2026-08-27T14:21:15|2026-08-27T15:13:15|-8.0000|0.0000|0.0000|1|SL|5.000000|67.09000000|14
1137|WTICO_USD~oil-impulse|SELL|1000|0.826150|0.838150|0.838150|0.820150|2026-08-27T14:38:15|2026-08-27T17:57:15|-12.0000|0.0000|0.0000|1|SL|5.000000|53.00000000|14
1138|WTICO_USD~oil-impulse-hh|SELL|1000|0.826150|0.838150|0.838150|0.820150|2026-08-27T14:38:15|2026-08-27T17:57:15|-12.0000|0.0000|0.0000|1|SL|5.000000|53.00000000|14
1064|BTC_USD~btc-momentum|BUY|1000|0.802510|0.810510|0.794510|0.810510|2026-08-27T14:38:30|2026-08-28T01:19:15|8.0000|0.0000|0.0000|1|TP|5.000000|48.95000000|14
1065|BTC_USD~btc-impulse|BUY|1000|0.801640|0.805640|0.793640|0.805640|2026-08-27T14:40:30|2026-08-27T15:13:15|4.0000|0.0000|0.0000|1|TP|5.000000|82.75000000|14
1066|BTC_USD~btc-echo|SELL|1000|0.802420|0.797620|0.810420|0.797620|2026-08-27T15:03:15|2026-08-27T18:21:30|4.8000|0.0000|0.0000|1|TP|5.000000|100.63000000|15
1067|BTC_USD~btc-impulse|BUY|1000|0.805820|0.797820|0.797820|0.809820|2026-08-27T15:19:30|2026-08-27T18:21:30|-8.0000|0.0000|0.0000|1|SL|5.000000|64.11000000|15
1068|BTC_USD~btc-meanrev|SELL|1000|0.808530|0.806130|0.816530|0.806130|2026-08-27T17:19:15|2026-08-27T17:35:30|2.4000|0.0000|0.0000|1|TP|5.000000|60.98000000|17
1069|BTC_USD~btc-meanrev-ps|SELL|1000|0.808530|0.806130|0.816530|0.806130|2026-08-27T17:19:15|2026-08-27T17:35:30|2.4000|0.0000|0.0000|1|TP|5.000000|60.98000000|17
1139|WTICO_USD~oil-impulse|BUY|1000|0.841550|0.829550|0.829550|0.847550|2026-08-27T18:03:30|2026-08-28T05:36:30|-12.0000|0.0000|0.0000|1|SL|5.000000|151.50000000|18
1140|WTICO_USD~oil-impulse-hh|BUY|1000|0.841550|0.829550|0.829550|0.847550|2026-08-27T18:03:30|2026-08-28T05:36:30|-12.0000|0.0000|0.0000|1|SL|5.000000|151.50000000|18
1070|BTC_USD~btc-meanrev|BUY|1000|0.799810|0.802210|0.791810|0.802210|2026-08-27T18:16:30|2026-08-27T19:04:15|2.4000|0.0000|0.0000|1|TP|5.000000|58.52000000|18
1071|BTC_USD~btc-meanrev-ps|BUY|1000|0.799810|0.802210|0.791810|0.802210|2026-08-27T18:16:30|2026-08-27T19:04:15|2.4000|0.0000|0.0000|1|TP|5.000000|58.52000000|18
1072|BTC_USD~btc-echo|SELL|1000|0.799310|0.807310|0.807310|0.794510|2026-08-27T18:33:15|2026-08-28T00:57:15|-8.0000|0.0000|0.0000|1|SL|5.000000|102.12000000|18
1073|BTC_USD~btc-matrend|BUY|1000|0.801710|0.811710|0.793710|0.811710|2026-08-27T19:05:30|2026-08-28T01:29:15|10.0000|0.0000|0.0000|1|TP|5.000000|63.00000000|19
1146|SPX500_USD~sp-matrend|BUY|1000|0.772140|0.775140|0.768140|0.775140|2026-08-27T19:32:30|2026-08-28T14:44:15|3.0000|0.0000|0.0000|1|TP|0.504000|10.15800000|19
1126|XAU_USD~gold-h20|BUY|1000|0.460955|0.460289|0.456950|0.464950|2026-08-27T20:00:00|2026-08-27T22:00:00|-0.6655|0.0630|0.0000|1|TIME|0.630000|12.47000000|20
1074|BTC_USD~btc-21h|BUY|1000|0.800441|0.802649|0.792440|0.808440|2026-08-27T21:03:00|2026-08-27T22:03:00|2.2080|0.5000|0.0000|1|TIME|5.000000|20.70000000|21
1075|BTC_USD~btc-vprofile|BUY|1000|0.806080|0.800080|0.800080|0.816080|2026-08-28T00:59:30|2026-08-28T02:21:30|-6.0000|0.0000|0.0000|1|SL|5.000000|53.36000000|0
1076|BTC_USD~btc-echo|SELL|1000|0.807720|0.802920|0.815720|0.802920|2026-08-28T01:02:15|2026-08-28T02:13:30|4.8000|0.0000|0.0000|1|TP|5.000000|57.98000000|1
1077|BTC_USD~btc-meanrev|SELL|1000|0.808350|0.805950|0.816350|0.805950|2026-08-28T01:03:15|2026-08-28T01:51:30|2.4000|0.0000|0.0000|1|TP|5.000000|46.36000000|1
1078|BTC_USD~btc-meanrev-ps|SELL|1000|0.808350|0.805950|0.816350|0.805950|2026-08-28T01:03:15|2026-08-28T01:51:30|2.4000|0.0000|0.0000|1|TP|5.000000|46.36000000|1
1079|BTC_USD~btc-momentum|BUY|1000|0.811210|0.803210|0.803210|0.819210|2026-08-28T01:20:30|2026-08-28T02:02:30|-8.0000|0.0000|0.0000|1|SL|5.000000|46.57000000|1
1080|BTC_USD~btc-impulse|BUY|1000|0.810290|0.814290|0.802290|0.814290|2026-08-28T01:22:30|2026-08-28T01:33:15|4.0000|0.0000|0.0000|1|TP|5.000000|71.56000000|1
1081|BTC_USD~btc-meanrev|BUY|1000|0.805030|0.797030|0.797030|0.807430|2026-08-28T01:51:45|2026-08-28T04:05:30|-8.0000|0.0000|0.0000|1|SL|5.000000|95.23000000|1
1082|BTC_USD~btc-impulse|SELL|1000|0.803960|0.799960|0.811960|0.799960|2026-08-28T02:03:15|2026-08-28T02:23:30|4.0000|0.0000|0.0000|1|TP|5.000000|92.33000000|2
1083|BTC_USD~btc-echo|BUY|1000|0.799140|0.791140|0.791140|0.803940|2026-08-28T02:29:30|2026-08-28T10:07:30|-8.0000|0.0000|0.0000|1|SL|5.000000|131.57000000|2
1141|WTICO_USD~oil-impulse|SELL|1000|0.829100|0.824040|0.841100|0.823100|2026-08-28T06:23:15|2026-08-28T13:07:15|5.0600|0.0000|0.0000|1|TRAIL|5.000000|31.45000000|6
1142|WTICO_USD~oil-impulse-hh|SELL|1000|0.829100|0.823100|0.841100|0.823100|2026-08-28T06:23:15|2026-08-28T13:06:30|6.0000|0.0000|0.0000|1|TP|5.000000|31.45000000|6
1084|BTC_USD~btc-matrend|SELL|1000|0.798230|0.788230|0.806230|0.788230|2026-08-28T06:32:15|2026-08-28T14:04:30|10.0000|0.0000|0.0000|1|TP|5.000000|25.12000000|6
1127|XAU_USD~gold-impulse|BUY|1000|0.461230|0.457230|0.457230|0.463230|2026-08-28T07:00:30|2026-08-28T14:05:30|-4.0000|0.0000|0.0000|1|SL|0.670000|29.07500000|7
1085|BTC_USD~btc-impulse|SELL|1000|0.793980|0.789980|0.801980|0.789980|2026-08-28T09:04:15|2026-08-28T14:02:30|4.0000|0.0000|0.0000|1|TP|5.000000|44.63000000|9
1086|BTC_USD~btc-echo|BUY|1000|0.792590|0.797390|0.784590|0.797390|2026-08-28T10:30:30|2026-08-28T11:24:15|4.8000|0.0000|0.0000|1|TP|5.000000|36.73000000|10
1087|BTC_USD~btc-echo|BUY|1000|0.796600|0.788600|0.788600|0.801400|2026-08-28T11:30:30|2026-08-28T14:02:30|-8.0000|0.0000|0.0000|1|SL|5.000000|49.98000000|11
1041|SIBN~sibn-meanrev|SELL|1000|0.489950|0.503950|0.503950|0.482950|2026-08-28T12:25:40|2026-08-28T13:31:23|-14.4900|0.0000|0.0000|0|SL|1.000000|74.50000000|12
1042|SIBN~sibn-meanrev2|SELL|1000|0.489950|0.501950|0.501950|0.483950|2026-08-28T12:25:40|2026-08-28T13:30:32|-12.4900|0.0000|0.0000|0|SL|1.000000|74.50000000|12
1043|SIBN~sibn-meanrev2-og|SELL|1000|0.489950|0.501950|0.501950|0.483950|2026-08-28T12:25:40|2026-08-28T13:30:32|-12.4900|0.0000|0.0000|0|SL|1.000000|74.50000000|12
1157|SIBN~sibn-meanrev|SELL|1000|0.491080|0.505080|0.505080|0.484080|2026-08-28T12:46:15|2026-08-28T13:31:15|-14.4911|0.0000|0.0000|1|SL|1.569760|88.00000000|12
1158|SIBN~sibn-meanrev2|SELL|1000|0.504680|0.499730|0.516680|0.498680|2026-08-28T13:31:15|2026-08-28T13:33:00|4.4454|0.0000|0.0000|1|TRAIL|1.599840|126.50000000|13
1159|SIBN~sibn-meanrev2-og|SELL|1000|0.504680|0.499730|0.516680|0.498680|2026-08-28T13:31:15|2026-08-28T13:33:00|4.4454|0.0000|0.0000|1|TRAIL|1.599840|126.50000000|13
1155|GAZP~gazp-meanrev2|SELL|1000|0.086955|0.084960|0.090960|0.084960|2026-08-28T13:58:15|2026-08-28T14:52:30|1.9083|0.0096|0.0000|1|TP|0.095634|28.00000000|13
1044|GAZP~gazp-meanrev2|SELL|1000|0.086780|0.084780|0.090780|0.084780|2026-08-28T13:58:15|2026-08-28T14:55:45|1.9132|0.0100|0.0000|0|TP|0.100000|27.85000000|13
1088|BTC_USD~btc-momentum|SELL|1000|0.788270|0.796270|0.796270|0.780270|2026-08-28T14:02:45|2026-08-28T14:38:15|-8.0000|0.0000|0.0000|1|SL|5.000000|89.60000000|14
1089|BTC_USD~btc-vprofile|SELL|1000|0.789350|0.795350|0.795350|0.779350|2026-08-28T14:09:15|2026-08-28T14:37:15|-6.0000|0.0000|0.0000|1|SL|5.000000|91.58000000|14
1090|BTC_USD~btc-meanrev|BUY|1000|0.786110|0.788510|0.778110|0.788510|2026-08-28T14:15:30|2026-08-28T14:19:15|2.4000|0.0000|0.0000|1|TP|5.000000|126.16000000|14
1110|EUR_USD~meanrev|BUY|1000|1.161270|1.159270|1.159270|1.162270|2026-08-28T14:15:30|2026-08-28T16:07:30|-2.0000|0.0000|0.0000|1|SL|0.300000|49.05000000|14
1111|EUR_USD~meanrev-be|BUY|1000|1.161270|1.161270|1.159270|1.162270|2026-08-28T14:15:30|2026-08-28T15:03:30|0.0000|0.0000|0.0000|1|BE|0.300000|49.05000000|14
1112|EUR_USD~meanrev-ps|BUY|1000|1.161270|1.159270|1.159270|1.162270|2026-08-28T14:15:30|2026-08-28T16:07:30|-2.0000|0.0000|0.0000|1|SL|0.300000|49.05000000|14
1113|EUR_USD~meanrev-hh|BUY|1000|1.161270|1.159270|1.159270|1.162270|2026-08-28T14:15:30|2026-08-28T16:07:30|-2.0000|0.0000|0.0000|1|SL|0.300000|49.05000000|14
1114|EUR_USD~impulse|SELL|1000|1.161130|1.160130|1.163130|1.160130|2026-08-28T14:19:15|2026-08-28T14:26:30|1.0000|0.0000|0.0000|1|TP|0.100000|38.70000000|14
1128|XAU_USD~gold-impulse|SELL|1000|0.456190|0.454190|0.460190|0.454190|2026-08-28T14:21:15|2026-08-28T14:27:30|2.0000|0.0000|0.0000|1|TP|0.570000|79.32000000|14
1091|BTC_USD~btc-impulse|SELL|1000|0.787860|0.795860|0.795860|0.783860|2026-08-28T14:24:15|2026-08-28T14:38:15|-8.0000|0.0000|0.0000|1|SL|5.000000|102.77000000|14
1115|EUR_USD~momentum|SELL|1000|1.159760|1.161760|1.161760|1.157760|2026-08-28T14:27:45|2026-08-28T14:55:15|-2.0000|0.0000|0.0000|1|SL|0.300000|11.00000000|14
1151|GBP_JPY~gj-meanrev|BUY|1000|2.163830|2.165030|2.159830|2.165030|2026-08-28T14:27:45|2026-08-28T14:32:15|1.2000|0.0000|0.0000|1|TP|1.600000|46.35000000|14
1152|GBP_JPY~gj-meanrev-ps|BUY|1000|2.163830|2.165030|2.159830|2.165030|2026-08-28T14:27:45|2026-08-28T14:32:15|1.2000|0.0000|0.0000|1|TP|1.600000|46.35000000|14
1092|BTC_USD~btc-echo|BUY|1000|0.789050|0.793850|0.781050|0.793850|2026-08-28T14:30:30|2026-08-28T14:37:15|4.8000|0.0000|0.0000|1|TP|5.000000|102.77000000|14
1116|EUR_USD~echo|BUY|1000|1.160180|1.161380|1.158180|1.161380|2026-08-28T14:30:30|2026-08-28T14:54:15|1.2000|0.0000|0.0000|1|TP|0.400000|52.65000000|14
1143|WTICO_USD~oil-impulse|BUY|1000|0.830050|0.835650|0.818050|0.836050|2026-08-28T14:31:30|2026-08-28T17:07:30|5.6000|0.0000|0.0000|1|TRAIL|5.000000|64.10000000|14
1144|WTICO_USD~oil-impulse-hh|BUY|1000|0.830050|0.836050|0.818050|0.836050|2026-08-28T14:31:30|2026-08-28T17:07:15|6.0000|0.0000|0.0000|1|TP|5.000000|64.10000000|14
1093|BTC_USD~btc-meanrev|SELL|1000|0.791550|0.789150|0.799550|0.789150|2026-08-28T14:33:15|2026-08-28T15:42:30|2.4000|0.0000|0.0000|1|TP|5.000000|69.44000000|14
1117|EUR_USD~impulse|SELL|1000|1.160830|1.159830|1.162830|1.159830|2026-08-28T14:34:15|2026-08-28T15:40:30|1.0000|0.0000|0.0000|1|TP|0.500000|25.55000000|14
1094|BTC_USD~btc-impulse|BUY|1000|0.795820|0.787820|0.787820|0.799820|2026-08-28T14:39:30|2026-08-28T15:44:30|-8.0000|0.0000|0.0000|1|SL|5.000000|111.48000000|14
1095|BTC_USD~btc-momentum|BUY|1000|0.795130|0.787130|0.787130|0.803130|2026-08-28T14:54:30|2026-08-28T15:48:30|-8.0000|0.0000|0.0000|1|SL|5.000000|44.62000000|14
1129|XAU_USD~gold-impulse|BUY|1000|0.457410|0.453410|0.453410|0.459410|2026-08-28T14:57:30|2026-08-28T15:44:30|-4.0000|0.0000|0.0000|1|SL|0.740000|41.09500000|14
1045|GAZP~gazp-meanrev2|BUY|1000|0.084720|0.086720|0.080720|0.086720|2026-08-28T14:58:05|2026-08-28T13:53:15|1.9153|0.0100|0.0000|0|TP|0.100000|25.00000000|14
1118|EUR_USD~momentum|BUY|1000|1.162200|1.160200|1.160200|1.164200|2026-08-28T14:59:30|2026-08-28T15:36:30|-2.0000|0.0000|0.0000|1|SL|0.300000|9.95000000|14
1156|GAZP~gazp-meanrev2|BUY|1000|0.084535|0.086530|0.080530|0.086530|2026-08-28T14:59:30|2026-08-31T06:50:01|1.9108|0.0093|0.0000|1|TP|0.092994|25.20000000|14
1096|BTC_USD~btc-echo|BUY|1000|0.795220|0.787220|0.787220|0.800020|2026-08-28T15:00:30|2026-08-28T15:48:30|-8.0000|0.0000|0.0000|1|SL|5.000000|111.48000000|15
1119|EUR_USD~echo|BUY|1000|1.161750|1.159750|1.159750|1.162950|2026-08-28T15:00:30|2026-08-28T15:40:30|-2.0000|0.0000|0.0000|1|SL|0.200000|52.65000000|15
1097|BTC_USD~btc-matrend|SELL|1000|0.793280|0.783280|0.801280|0.783280|2026-08-28T15:29:15|2026-08-28T16:01:30|10.0000|0.0000|0.0000|1|TP|5.000000|101.70000000|15
1098|BTC_USD~btc-impulse|SELL|1000|0.787420|0.783420|0.795420|0.783420|2026-08-28T15:49:15|2026-08-28T15:59:30|4.0000|0.0000|0.0000|1|TP|5.000000|79.02000000|15
1099|BTC_USD~btc-meanrev|BUY|1000|0.784620|0.776620|0.776620|0.787020|2026-08-28T15:57:30|2026-08-28T16:17:30|-8.0000|0.0000|0.0000|1|SL|5.000000|99.02000000|15
1130|XAU_USD~gold-impulse|SELL|1000|0.452610|0.450610|0.456610|0.450610|2026-08-28T15:58:15|2026-08-28T16:10:30|2.0000|0.0000|0.0000|1|TP|0.700000|40.73500000|15
1100|BTC_USD~btc-echo|BUY|1000|0.783200|0.775200|0.775200|0.788000|2026-08-28T16:00:30|2026-08-28T16:18:30|-8.0000|0.0000|0.0000|1|SL|5.000000|144.43000000|16
1101|BTC_USD~btc-momentum|SELL|1000|0.781480|0.773480|0.789480|0.773480|2026-08-28T16:01:45|2026-08-28T16:23:30|8.0000|0.0000|0.0000|1|TP|5.000000|41.86000000|16
1102|BTC_USD~btc-impulse|SELL|1000|0.781630|0.777630|0.789630|0.777630|2026-08-28T16:04:15|2026-08-28T16:16:30|4.0000|0.0000|0.0000|1|TP|5.000000|113.65000000|16
1131|XAU_USD~gold-impulse|SELL|1000|0.450450|0.448450|0.454450|0.448450|2026-08-28T16:14:15|2026-08-28T16:18:30|2.0000|0.0000|0.0000|1|TP|0.710000|40.58500000|16
1103|BTC_USD~btc-impulse|SELL|1000|0.775750|0.771750|0.783750|0.771750|2026-08-28T16:19:15|2026-08-28T16:24:30|4.0000|0.0000|0.0000|1|TP|5.000000|116.71000000|16
1104|BTC_USD~btc-momentum|SELL|1000|0.773230|0.781230|0.781230|0.765230|2026-08-28T16:27:15|2026-08-28T17:19:15|-8.0000|0.0000|0.0000|1|SL|5.000000|72.42000000|16
1132|XAU_USD~gold-impulse|SELL|1000|0.447860|0.445860|0.451860|0.445860|2026-08-28T16:29:15|2026-08-28T18:17:30|2.0000|0.0000|0.0000|1|TP|0.710000|60.46500000|16
1105|BTC_USD~btc-impulse|SELL|1000|0.777130|0.773130|0.785130|0.773130|2026-08-28T16:35:15|2026-08-28T18:46:30|4.0000|0.0000|0.0000|1|TP|5.000000|112.96000000|16
1106|BTC_USD~btc-meanrev|SELL|1000|0.780150|0.777750|0.788150|0.777750|2026-08-28T16:46:15|2026-08-28T16:54:30|2.4000|0.0000|0.0000|1|TP|5.000000|112.26000000|16
1160|TRNFP~trnfp-meanrev2|BUY|1000|0.103780|0.105060|0.099780|0.105780|2026-08-31T13:11:12|2026-09-01T06:50:02|1.1762|0.0000|0.0000|0|GAP|0.200000|12.90000000|13
1161|GAZP~gazp-meanrev2|SELL|1000|0.087680|0.088780|0.091680|0.085680|2026-08-31T14:57:31|2026-09-01T06:50:01|-1.1877|0.0100|0.0000|0|GAP|0.100000|10.90000000|14
1162|GAZP~gazp-meanrev2|SELL|1000|0.089590|0.087590|0.093590|0.087590|2026-09-01T07:29:04|2026-09-01T17:51:26|1.9104|0.0100|0.0000|0|TP|0.100000|11.50000000|7
1163|MOEX~moex-meanrev2|SELL|1000|0.154790|0.152570|0.162790|0.150790|2026-09-01T08:06:11|2026-09-02T06:50:02|2.0652|0.0000|0.0000|0|GAP|0.100000|23.45000000|8
1164|SIBN~sibn-meanrev2|BUY|1000|0.526950|0.531600|0.514950|0.532950|2026-09-01T17:55:04|2026-09-02T06:50:02|4.1231|0.0000|0.0000|0|GAP|2.000000|65.25000000|17
1165|SIBN~sibn-meanrev2-og|BUY|1000|0.526950|0.531600|0.514950|0.532950|2026-09-01T17:55:04|2026-09-02T06:50:02|4.1231|0.0000|0.0000|0|GAP|2.000000|65.25000000|17
1166|GAZP~gazp-meanrev2|BUY|1000|0.087410|0.087670|0.083410|0.089410|2026-09-01T18:18:48|2026-09-02T06:50:01|0.1726|0.0100|0.0000|0|GAP|0.100000|14.20000000|18
1167|SIBN~sibn-meanrev|BUY|1000|0.523600|0.530000|0.509600|0.530600|2026-09-01T18:23:02|2026-09-01T19:09:14|5.8764|0.0000|0.0000|0|TRAIL|1.500000|99.50000000|18
1168|TRNFP~trnfp-meanrev2|BUY|1000|0.103640|0.104100|0.099640|0.105640|2026-09-02T08:57:31|2026-09-03T06:50:01|0.3564|0.0000|0.0000|0|GAP|0.200000|9.40000000|8
1169|SIBN~sibn-meanrev|BUY|1000|0.529900|0.537250|0.515900|0.536900|2026-09-03T08:09:12|2026-09-03T09:24:52|6.8201|0.0000|0.0000|0|TRAIL|1.000000|77.75000000|8
1170|GAZP~gazp-meanrev2|SELL|1000|0.088380|0.091240|0.092380|0.086380|2026-09-03T10:43:41|2026-09-04T06:50:05|-2.9484|0.0100|0.0000|0|GAP|0.100000|11.80000000|10
1171|ALRS~alrs-impulse|BUY|1000|0.204000|0.207100|0.184000|0.214000|2026-09-03T17:11:03|2026-09-04T06:50:06|2.8960|0.1000|0.0000|0|GAP|1.000000|31.00000000|17
1172|TRNFP~trnfp-meanrev2|SELL|1000|0.105260|0.105840|0.109260|0.103260|2026-09-03T18:16:44|2026-09-04T06:50:05|-0.6853|0.0000|0.0000|0|GAP|0.400000|9.60000000|18
1173|SIBN~sibn-meanrev2|BUY|1000|0.535550|0.541100|0.523550|0.541550|2026-09-04T07:29:58|2026-09-04T20:40:37|5.0145|0.0000|0.0000|0|TRAIL|1.000000|72.25000000|7
1174|SIBN~sibn-meanrev2-og|BUY|1000|0.535550|0.541100|0.523550|0.541550|2026-09-04T07:29:58|2026-09-04T20:40:37|5.0145|0.0000|0.0000|0|TRAIL|1.000000|72.25000000|7
1175|GAZP~gazp-meanrev2|SELL|1000|0.091380|0.090270|0.095380|0.089380|2026-09-04T08:38:24|2026-09-07T06:50:06|1.0186|0.0100|0.0000|0|GAP|0.100000|12.70000000|8
1176|TRNFP~trnfp-meanrev2|BUY|1000|0.105740|0.105240|0.101740|0.107740|2026-09-04T10:17:10|2026-09-07T06:50:06|-0.6057|0.0000|0.0000|0|GAP|0.200000|12.00000000|10
1177|SIBN~sibn-meanrev|BUY|1000|0.530000|0.536250|0.516000|0.537000|2026-09-04T10:57:55|2026-09-04T12:54:06|5.7200|0.0000|0.0000|0|TRAIL|1.500000|76.75000000|10
1178|ALRS~alrs-impulse|BUY|1000|0.211600|0.208400|0.191600|0.221600|2026-09-07T18:02:03|2026-09-08T06:50:03|-3.4116|0.1000|0.0000|0|GAP|1.000000|33.50000000|18
1179|SIBN~sibn-meanrev2|BUY|1000|0.545100|0.552600|0.533100|0.551100|2026-09-08T07:12:55|2026-09-08T10:21:06|6.9549|0.0000|0.0000|0|TRAIL|3.000000|65.75000000|7
1180|SIBN~sibn-meanrev2-og|BUY|1000|0.545100|0.552600|0.533100|0.551100|2026-09-08T07:12:55|2026-09-08T10:21:06|6.9549|0.0000|0.0000|0|TRAIL|3.000000|65.75000000|7
1181|SIBN~sibn-meanrev|BUY|1000|0.540500|0.548450|0.526500|0.547500|2026-09-08T07:20:13|2026-09-08T09:34:58|7.4095|0.0000|0.0000|0|TRAIL|0.500000|116.25000000|7
1182|ALRS~alrs-impulse|BUY|1000|0.213600|0.211900|0.193600|0.223600|2026-09-08T09:06:01|2026-09-09T06:50:07|-1.9136|0.1000|0.0000|0|GAP|1.000000|61.00000000|9
1183|GAZP~gazp-meanrev2|SELL|1000|0.091690|0.090210|0.095690|0.089690|2026-09-08T09:35:54|2026-09-09T06:50:07|1.3883|0.0100|0.0000|0|GAP|0.100000|13.60000000|9
1184|TRNFP~trnfp-meanrev2|BUY|1000|0.104120|0.103760|0.100120|0.106120|2026-09-08T13:39:41|2026-09-09T06:50:07|-0.4641|0.0000|0.0000|0|GAP|0.200000|10.80000000|13
1185|GAZP~gazp-meanrev2|SELL|1000|0.091020|0.089020|0.095020|0.089020|2026-09-09T08:01:11|2026-09-09T09:56:17|1.9090|0.0100|0.0000|0|TP|0.100000|11.80000000|8
1186|SIBN~sibn-meanrev|BUY|1000|0.544250|0.544050|0.530250|0.551250|2026-09-09T09:31:07|2026-09-10T06:50:03|-0.7443|0.0000|0.0000|0|GAP|3.000000|81.00000000|9
1187|SVCB~svcb-meanrev2|SELL|1000|0.102200|0.101200|0.104200|0.101200|2026-09-09T13:30:38|2026-09-09T14:22:59|0.8978|0.0500|0.0000|0|TP|0.500000|26.75000000|13
1188|SVCB~svcb-meanrev2|BUY|1000|0.099950|0.100250|0.097950|0.100950|2026-09-09T14:31:51|2026-09-10T06:50:03|0.2001|0.0500|0.0000|0|GAP|0.500000|31.00000000|14
1189|SIBN~sibn-meanrev2|SELL|1000|0.549600|0.552750|0.561600|0.543600|2026-09-10T08:15:06|2026-09-11T06:50:02|-3.6996|0.0000|0.0000|0|GAP|0.500000|65.25000000|8
1190|SIBN~sibn-meanrev2-og|SELL|1000|0.549600|0.552750|0.561600|0.543600|2026-09-10T08:15:06|2026-09-11T06:50:02|-3.6996|0.0000|0.0000|0|GAP|0.500000|65.25000000|8
1191|GAZP~gazp-meanrev2|SELL|1000|0.090490|0.092780|0.094490|0.088490|2026-09-10T12:46:01|2026-09-11T06:50:01|-2.3805|0.0100|0.0000|0|GAP|0.100000|12.20000000|12
1192|GAZP~gazp-meanrev2|SELL|1000|0.093620|0.091620|0.097620|0.091620|2026-09-11T07:36:02|2026-09-11T12:16:23|1.9064|0.0200|0.0000|0|TP|0.200000|11.95000000|7
1193|AFKS~afks-meanrev2|SELL|1000|0.077480|0.073970|0.085480|0.073480|2026-09-11T10:29:30|2026-09-11T12:54:38|3.4325|0.0400|0.0000|0|TRAIL|0.400000|22.60000000|10
1194|TRNFP~trnfp-meanrev2|BUY|1000|0.101160|0.102560|0.097160|0.103160|2026-09-11T10:34:43|2026-09-14T06:50:14|1.2988|0.0000|0.0000|0|GAP|0.200000|14.00000000|10
1195|GAZP~gazp-meanrev2|SELL|1000|0.092740|0.093820|0.096740|0.090740|2026-09-11T13:15:13|2026-09-14T06:50:13|-1.1727|0.0900|0.0000|0|GAP|0.900000|14.35000000|13
1196|GAZP~gazp-meanrev2|SELL|1000|0.095650|0.097710|0.099650|0.093650|2026-09-14T08:20:16|2026-09-15T06:50:01|-2.1556|0.0100|0.0000|0|GAP|0.100000|10.60000000|8
1197|TRNFP~trnfp-meanrev2|SELL|1000|0.103380|0.103760|0.107380|0.101380|2026-09-14T15:09:39|2026-09-15T06:50:02|-0.4834|0.0000|0.0000|0|GAP|0.400000|10.10000000|15
1198|ALRS~alrs-impulse|BUY|1000|0.203900|0.204000|0.183900|0.213900|2026-09-14T15:18:01|2026-09-15T06:50:02|-0.1039|0.1000|0.0000|0|GAP|1.000000|49.00000000|15
1199|AFKS~afks-meanrev2|SELL|1000|0.074870|0.073940|0.082870|0.070870|2026-09-14T15:25:46|2026-09-15T06:50:01|0.8551|0.0300|0.0000|0|GAP|0.300000|21.60000000|15
1200|SIBN~sibn-meanrev|SELL|1000|0.569850|0.560100|0.583850|0.562850|2026-09-14T15:31:42|2026-09-14T16:14:27|9.1801|0.0000|0.0000|0|TRAIL|1.000000|95.50000000|15
1201|SIBN~sibn-meanrev2|BUY|1000|0.563550|0.558500|0.551550|0.569550|2026-09-14T16:05:16|2026-09-15T06:50:02|-5.6136|0.0000|0.0000|0|GAP|1.500000|62.75000000|16
1202|SIBN~sibn-meanrev2-og|BUY|1000|0.563550|0.558500|0.551550|0.569550|2026-09-14T16:05:16|2026-09-15T06:50:02|-5.6136|0.0000|0.0000|0|GAP|1.500000|62.75000000|16
1203|GAZP~gazp-meanrev2|SELL|1000|0.097950|0.097360|0.101950|0.095950|2026-09-15T10:20:17|2026-09-16T06:50:03|0.4921|0.0100|0.0000|0|GAP|0.100000|11.50000000|10
1204|GAZP~gazp-meanrev2|SELL|1000|0.098070|0.096070|0.102070|0.096070|2026-09-16T08:32:20|2026-09-16T10:09:57|1.9019|0.0100|0.0000|0|TP|0.100000|14.40000000|8
1205|GAZP~gazp-meanrev2|BUY|1000|0.095590|0.092900|0.091590|0.097590|2026-09-16T10:21:16|2026-09-17T06:50:04|-2.7856|0.0100|0.0000|0|GAP|0.100000|21.55000000|10
1206|AFKS~afks-meanrev2|SELL|1000|0.072490|0.072720|0.080490|0.068490|2026-09-17T12:24:24|2026-09-18T06:50:01|-0.3025|0.0200|0.0000|0|GAP|0.200000|20.35000000|12
1207|GAZP~gazp-meanrev2|SELL|1000|0.094450|0.096550|0.098450|0.092450|2026-09-18T11:06:16|2026-09-21T06:50:04|-2.1944|0.0100|0.0000|0|GAP|0.100000|13.70000000|11
1208|SIBN~sibn-meanrev|SELL|1000|0.538550|0.533150|0.552550|0.531550|2026-09-18T13:37:50|2026-09-21T06:50:05|4.8614|0.0000|0.0000|0|GAP|2.000000|79.75000000|13
